index,score,seqid,seq
0,0.339,0.431,IKIEFKPETKTTVTTTTTQIGNIHHKPGGGQVEVKSEKFTLTNTVRFKIGNLNPDHKVPGGGANVTVAPNATV
1,0.355,0.431,EKINFKVTTTTVTLAVTGTIGNIHHKPGGGQVEVKSEQATFTTTVTLKVGAQDPTLKVPGGGNTTTIEVKLTV
2,0.339,0.431,VIVTYKPTVTAVVVAVTGAIGNIHHKPGGGQVEVKSEKATLTTTVTTKVGDLAPTHTVPGGGADTTIAPTLNI
3,0.343,0.417,VTITTKNEQKAVVVGVTGAIGNIHHKPGGGQVEVKSEKEELTHVVTVKKGDIAPTHTIPGGGATLIVPNKTTV
4,0.357,0.431,QKQEQKVEQTTVVLAFTGTIGNIHHKPGGGQVEVKSEKMIFTTTVTYKIGALEPGHFIPGGGNTVTVTVQATQ
5,0.336,0.402,TVTITKPETKTTAQAQTGTIGNIHHKPGGGQVEVKSEKAEYTQTVVAKVGELEPKHDIPGGGTTVTVTVKKTT
6,0.329,0.461,LKIEKKLELTLTVTATTGAIGNIHHKPGGGQVEVKSEKLELTTTVTLKIGDLAPVHLVPGGGATVTLTLTETI
7,0.311,0.446,FRLELKVETKTVVLALVGQIGNIHHKPGGGQVEVKSEKAEFTDKVQLKIGALEPEHKVPGGGATVKVEVKFEI
8,0.334,0.417,LTLHLKPEQRQEVRADVGTIGNIHHKPGGGQVEVKSEKLELTTTVTLKIGDLAPAHAIPGGGAAVVQLLELRV
9,0.322,0.431,IKIEFKPELVLVVAAAVGQIGNIHHKPGGGQVEVKSEKLVVTNNTKLKIGAQEPTHNIPGGGAKVEVKLELKF
10,0.391,0.359,VVLTFKIETNTKANANTGTIGNIHHKPGGGQVEVKSEKTEDTTTTDKKVGAQEPELKIPGGGVTIQVTIQVEV
11,0.343,0.388,TRFEFKVEQTAPVLAVLGQIGNIHHKPGGGQVEVKSEKAEYNNNVTAKIGALEPKHTIPGGGAKLEVKVQVEV
12,0.339,0.446,VIVILKPELKAVVVGVVGKLGNIHHKPGGGQVEVKSEKAEFNYVVTLKIGDLEPQHNVPGGGATLEIKPEMKI
13,0.341,0.431,LNLTLKVQTTTPVVAVTGNIGNIHHKPGGGQVEVKSEKMELNNNVTLKVGELAPTQNVPGGGNTVTTTTTLTV
14,0.319,0.388,VKFEFKIENKLEVKAEVGNIGNIHHKPGGGQVEVKSEKAEYNNNTTLKVGELAPELKVPGGGAEVKIEIEARF
15,0.328,0.446,VTFNQKVENKTEVKAKLGKIGNIHHKPGGGQVEVKSEKLVLTTTVDLKIGDLAPAHTIPGGGATVTVTVTQTV
16,0.33,0.446,LNIFLKPEAKATLQAQTGNIGNIHHKPGGGQVEVKSEKFTFTTTVTFKIGDLAPEHKVPGGGGELTVTLELRV
17,0.339,0.475,LTLIYKPENTNPVNTITGKLGNIHHKPGGGQVEVKSEKLELTNNVTLKVGDLAPTHTLPGGGNTTTITLQLTV
18,0.332,0.359,VTFELKIVTDAVVVGVVGKIGNIHHKPGGGQVEVKSEEAKYDKDVTLKLGGQEPEHKIPGGGATVVTKIEFKV
19,0.348,0.417,FVLVFKPEVKAEVKADVGTIGNIHHKPGGGQVEVKSETATLTTTVTLKVGDMAPTVTVPGGGNKMEIKVETTV
20,0.371,0.402,LTVTIKFEQKEVVLGITGKIGNIHHKPGGGQVEVKSEKTTLTNAVTIKVGDITPTHNIPGGGNVTIFTFTTTI
21,0.336,0.475,FRVEFKPEQKQKVDLKTGKLGNIHHKPGGGQVEVKSEKADFTTVTVAKVGDLTPNLQVPGGGAKVNVKLELKI
22,0.346,0.431,FQVEYKPLTATVTLTLTGKIGNIHHKPGGGQVEVKSEKAEYKDEVKTKIGDLAPTLTIPGGGAVVVQVTAVVL
23,0.374,0.417,IIIIFKIEQKQVQLAVTGTIGNIHHKPGGGQVEVKSEKAVFTVTVTLKVGDQGPTLLVPGGGGVTINFIFLVF
24,0.333,0.446,NVNVLKLENKTVVLALTGTLGNIHHKPGGGQVEVKSEKMEFTDKVTMKVADLAPTHNVPGGGNQVTLTLNNNT
25,0.363,0.475,IEVKLKLEVIVPVLAVTGTIGNIHHKPGGGQVEVKSEKLELKTTVQLKIGNLEPALLVPGGGANVTLTLKLEL
26,0.346,0.431,ITLTQKITTTLVAFAFFGQLGNIHHKPGGGQVEVKSEKAEFDKEVTAKVGDLAPQLNIPGGGIKVTITITQTF
27,0.379,0.431,LTVNFKLELKLTVLNVVGNIGNIHHKPGGGQVEVKSEKLNITNNATLKIGALDPTLLVPGGGNVVVLLLTVTL
28,0.35,0.417,ITITQKVEHLALVVGVTGAIGNIHHKPGGGQVEVKSEKLELNNNVTLKVGDITPTLNIPGGGNTLVIAVNTTV
29,0.375,0.446,QTQEQKNTNNTVLLTKTGNIGNIHHKPGGGQVEVKSEKMEFKDNTQMKIGDLTPRLEIPGGGANQTTTNTNTN
30,0.328,0.461,LEVEVKPQQKTDVIAVTGTIGNIHHKPGGGQVEVKSEKLELKDDFTLKIGDQNPVHFVPGGGAKLEVEVKLEL
31,0.318,0.431,LIIIYKPEAKAVVLGLTGTMGNIHHKPGGGQVEVKSEKATFTTTTTAKIGDLAPQHNIPGGGAKLELKLEFKV
32,0.309,0.446,IKIEKKVETKTVVLNVTGKIGNIHHKPGGGQVEVKSEKMELKVEVEMKIGDQAPTHTVPGGGAQVTVEVKETF
33,0.347,0.446,FKFEFKVKAEAKVVAATGKIGNIHHKPGGGQVEVKSEKQDLTTVVTLKIGELAPELNVPGGGAELKVEVKIEF
34,0.366,0.446,INVTFKPELKLLVLNVVGTVGNIHHKPGGGQVEVKSEKLTLTFVTNLKIGDLAPQHNVPGGGAKVEVTPTMTL
35,0.332,0.461,FTLVYKPETTTVVVAVTGTIGNIHHKPGGGQVEVKSEELKIVNNVTLKIGDQAPTHNVPGGGNTVVLLLNLTV
36,0.315,0.49,VKIEFKPETKTVVVAVTGTIGNIHHKPGGGQVEVKSEKMELTQTVTMKIGNLDPQHNVPGGGAKVEVKVELTV
37,0.338,0.504,FEFKFKPEDKDEVKAKTGQIGNIHHKPGGGQVEVKSEALTLTTVVTLKIGNQDPKHDIPGGGAVKVLTLKLTF
38,0.364,0.359,LKVELKLELKLLMIGITGQIGNIHHKPGGGQVEVKSEKYELTTTVTFKLGDQAPTLTVPGGGGAVVLLLKQEL
39,0.352,0.388,TTLTLKVEQQQKVEAGVGKIGNIHHKPGGGQVEVKSERAEFRLNVTAKVGDLTPTHTIPGGGATVQIDVTVTN
40,0.35,0.431,ITITVKVTNTNAVTATTGTIGNIHHKPGGGQVEVKSEKQLANVVVEQKVGALEPTHTVPGGGATVTVVVDLTV
41,0.379,0.431,VVLQQKLELKLVVLALVGKIGNIHHKPGGGQVEVKSEKLVLTVTVTLKIGDLGPKLDIPGGGATVTLTLQQTV
42,0.324,0.461,IIIIFKPELQLNVNNNTGQLGNIHHKPGGGQVEVKSEKAEFTTTVTTKVGDLAPTHQIPGGGNTVVIKLELTV
43,0.353,0.388,KVQVQKNEQKNDVKADVGTIGNIHHKPGGGQVEVKSEKMNLTVTTTLKVGDLAPTLTVPGGGATVTVTNQQEE
44,0.332,0.475,FKIEFKPEQKNVVNNNTGTIGNIHHKPGGGQVEVKSEKTTLTTTVTLKVGALEPTLNVPGGGNTINVDLKLTF
45,0.345,0.446,VTFTFKPENKNELKGKTGNIGNIHHKPGGGQVEVKSEKAELKVTVTMKIGALEPEHKVPGGGGVLVLNLNTNF
46,0.355,0.446,IKFELKVETKTAVLAVTGALGNIHHKPGGGQVEVKSEKMDYTVTVTLKIGDLNPRHEVPGGGTTQTTTVNFTL
47,0.316,0.388,FRLEFKVEQKQVVVAVTGTIGNIHHKPGGGQVEVKSETATFTTTVTAKVGDLTPTLAVPGGGATVEVKVELKL
48,0.349,0.49,LTITYKPELKLVVLAVTGAIGNIHHKPGGGQVEVKSEKAEFTVTVETKIGALEPHHTVPGGGATVTLTPTLTV
49,0.33,0.475,LTLVYKPETKTVIVAVTGNIGNIHHKPGGGQVEVKSEKLELTNNVTLKIGALEPKHEVPGGGATLVVTPTLTV
50,0.344,0.475,VEFNYKPERNETVEAKTGKIGNIHHKPGGGQVEVKSEKLELTTTVTLKVGDLNPQLNIPGGGNTVTITPTFTV
51,0.342,0.431,IDINFKVEEKEVVVNVAGAIGNIHHKPGGGQVEVKSEKLELTNDVTLKVADLEPKLEIPGGGAEKKVEVKLTL
52,0.319,0.446,VEFKYKPTTTTVAVAVTGQIGNIHHKPGGGQVEVKSETLTFNNNVTLKIGDLAPQHNIPGGGATVTVTPQLQV
53,0.34,0.431,TTVTFKPELKLDLQAQTGQIGNIHHKPGGGQVEVKSEKAVLTTTVTAKIGELDPQHVIPGGGATVIIEIKLEI
54,0.343,0.417,VKLELKLELVLLVVGIAGTLGNIHHKPGGGQVEVKSEKMELTVTVTLKVGELAPKHVVPGGGAKVEVKLEFEV
55,0.33,0.461,VTFTLKVELKLDVKAKTGTIGNIHHKPGGGQVEVKSEKVAVNTTVEMKIGDLGPTHNVPGGGAKVEVTVQFTV
56,0.348,0.461,VTYTLKIENKATVNANTGTIGNIHHKPGGGQVEVKSEELKLTNNVTLKIGALEPTLNVPGGGNKKNVNITTTV
57,0.344,0.402,IEFKFKPKVEVTVVNVTGEIGNIHHKPGGGQVEVKSEAQKTDVTVTLKVGDLNPALTVPGGGNEVKVELEVKF
58,0.332,0.446,LIVYYKPFTLTVVTATVGNIGNIHHKPGGGQVEVKSEKAELTKDVTVKIGDLAPKHEIPGGGATVAVDLKQEI
59,0.377,0.417,VTLTFKLETTTTVVAKTGTIGNIHHKPGGGQVEVKSEKMTLNTVVTLKIGDQAPTFQVPGGGTTVVVPLTLVV
60,0.338,0.446,YTVEYKPTQTQVVLNVVGKLGNIHHKPGGGQVEVKSEKYELTKDVEFKIGALEPTHNIPGGGATVTVTLTKTV
61,0.318,0.417,ITIELKIEAKAVVVAVTGKIGNIHHKPGGGQVEVKSEKLTITTTATFKIGDLAPELNVPGGGAKLEVKIEMRV
62,0.37,0.417,FTLAFKPDLQLNVEAKVGQIGNIHHKPGGGQVEVKSEKIEYTVTVTAKIGDIAPTVAVPGGGATVTLNLNLNV
63,0.371,0.446,VVFQKKPEAKAILVGKTGTIGNIHHKPGGGQVEVKSEKMELTTTTELKVGALDPTLTVPGGGGVDIRVEKETV
64,0.331,0.461,TTITYKPEVKVVVVGVTGQLGNIHHKPGGGQVEVKSEKMEIKEKAEFKIGALEPTHTIPGGGATVTVDYKLEV
65,0.325,0.402,TTIVTKVETKTNIFNFTGTIGNIHHKPGGGQVEVKSEKAEYNQQTVAKIGDQAPVHQTPGGGNTVTVTVTTTV
66,0.332,0.431,TVYTKKPTQTTVVLALVGKIGNIHHKPGGGQVEVKSEKLKLENNVTLKIGELEPEHRVPGGGATVTQVLKEEV
67,0.318,0.417,AVFNFKPEVKVTVVNATGNIGNIHHKPGGGQVEVKSEKLELTTTVTLKIGDINPTHKIPGGGNEVKLELKFEI
68,0.32,0.417,FTVEYKPTTTTVVVAVTGTMGNIHHKPGGGQVEVKSEKAVYTTTTTAKIGDLAPTHTIPGGGATTTVDLKLEL
69,0.335,0.446,IKFNFKVEKKETVTATTGTIGNIHHKPGGGQVEVKSEKTVLTNNVTTKVGDLNTQLNVPGGGNKVEVEVKFTV
70,0.341,0.431,VTITMKIETKTAVVTLTGQIGNIHHKPGGGQVEVKSEEAKYETVVTAKVGDLAPQHALPGGGAKVTITIKNTV
71,0.351,0.431,LTITFKPEQRQVVLAITGQIGNIHHKPGGGQVEVKSEKMEYTEVVEMKIGELEPKLEIPGGGAEVRQQLETTF
72,0.345,0.446,IELNFKVEAKAVVLAVTGTLGNIHHKPGGGQVEVKSEKLELDNDVTLKIGDLTPTLALPGGGATLQVTVTLKF
73,0.363,0.446,IEVYLKPEVTTVIVAVTGKLGNIHHKPGGGQVEVKSEKATFTTLVTVKIGDLAPDINLPGGGAQFTVTVKLEL
74,0.314,0.446,LQVQFKPKQTQVVVAVTGTIGNIHHKPGGGQVEVKSEKAEFNNNVTAKIGDLAPTHAIPGGGATTTVNLKLVL
75,0.318,0.446,VKIELKIEQRADVKAKTGKIGNIHHKPGGGQVEVKSEKATYTVTVTDKKGDIEPKHEIPGGGATVTITIQLTF
76,0.344,0.475,VTINYKPTTVTVVLTLTGKIGNIHHKPGGGQVEVKSEKKEFTNTVNEKVGDETPKHEIPGGGATVVVTPKTTF
77,0.342,0.461,VEIKLKPEQVQVVLNVTGDIGNIHHKPGGGQVEVKSEKLVVTNNVTLKIGDLNPTHKIPGGGAQVVTFLAVTF
78,0.317,0.431,VTYEYKPTAAAKTLAITGKIGNIHHKPGGGQVEVKSEKAEYEKKVTAKIGDQAPEHKVPGGGTAVTTELKTEV
79,0.366,0.402,LTVTKKVTQQQQVINFVTTIGNIHHKPGGGQVEVKSEKADYTNRTTLKIGNIEPNHNVPGGGVKVDVTVEEKL
80,0.361,0.388,TIFVFKIEAKAVLIAVTGKIGNIHHKPGGGQVEVKSEELKLTTVVTLKIGDLAPQHTTPGGGLTLIIQIQFQA
81,0.358,0.417,VLLLNKIENLNAVATAVGTIGNIHHKPGGGQVEVKSEKLTLNVVTTLKIGDLTPTHNIPGGGAKLEIEIETKV
82,0.335,0.446,ITILLKPEAKAVVVGVTGQIGNIHHKPGGGQVEVKSEKLTLTVTVNLKIGELEPVHKVPGGGAVLKLELELKL
83,0.344,0.446,VVYILKPELKLLVIGIVGKIGNIHHKPGGGQVEVKSEKAAFNVVVTYKIGALEPTHDLPGGGAKVEVELKFEL
84,0.346,0.417,LKLELKPLTITVAIAVTTTLGNIHHKPGGGQVEVKSEKVELREVVTLKIGNLDPTHTVPGGGNNVTLKLETKV
85,0.307,0.504,VKFEFKVEIKVEVKATTGTLGNIHHKPGGGQVEVKSEKMEFKDKVTMKVGDLAPTHAVPGGGNKIEIEVKQEF
86,0.317,0.446,IKLEYKPEVKLVVLALTGQIGNIHHKPGGGQVEVKSEKMQFTTTVTFKIGELEPTHTVPGGGATVELKLELKV
87,0.387,0.388,VVTELKLEAFALVVAVTGTLGNIHHKPGGGQVEVKSEKVVLTNNATTKIGDQATDFQLPGGGAVLLLPLQRTT
88,0.361,0.446,IVIIQKNTATAAVKAKTGALGNIHHKPGGGQVEVKSEKMDLTVVVNLKIGDETPVHLTPGGGANVTVTNKTEI
89,0.355,0.388,VKIEEKLELKATVIAITTKIGNIHHKPGGGQVEVKSEKAEYTVTVTLKIGALEPKVDIPGGGATLEVRLERKV
90,0.36,0.417,NIVTYKPEATALVLALTGRIGNIHHKPGGGQVEVKSEKLVITTTATLKIGDLATEHRIPGGGAETKIVPKMEL
91,0.334,0.446,VKVEFKPETKTDVKTDTGNIGNIHHKPGGGQVEVKSEKLNLTNDTTLKIGDLAPTLNLPGGGATVTQTPTLTV
92,0.377,0.461,IKITFKVTAKANINANTTKIGNIHHKPGGGQVEVKSEKLEFTTTVTLKIGNLDPALTVPGGGGTLTVEVKLTI
93,0.367,0.475,FIILKKVETETKVENKVGKIGNIHHKPGGGQVEVKSEKMYKTNNVQMKMGDLNPTHQVPGGGAKVTVTVKGEV
94,0.35,0.417,AVILLKPENANVVTATTGTIGNIHHKPGGGQVEVKSEKMELTVTVKLKIGDMTPNHNIPGGGTAVTVQINFTV
95,0.333,0.417,FVFIQKVEAKAEVKAKVGTVGNIHHKPGGGQVEVKSEKAEYNNQVTAKVGALEPTHTVPGGGAKVEVQVKEEV
96,0.353,0.446,IVVLVKPETTTTITNTTGKIGNIHHKPGGGQVEVKSEKMALTVTVTLKIGELNPTLNIPGGGNTLITTLNVTL
97,0.329,0.402,IRVEFKLEQAQVVIGITGAIGNIHHKPGGGQVEVKSEKMEFTNNVTMKVGDLAPKLEIPGGGATVTVDLRLTL
98,0.352,0.417,LILIFKVEMRLDVANATGKIGNIHHKPGGGQVEVKSEKATYTNNVTMKVGDLAPELKIPGGGNKVVVEVKLEL
99,0.33,0.461,MTINTKVDTTTVVVAVTGQLGNIHHKPGGGQVEVKSEKATFDTTVTYKIGDLAPVHAVPGGGATVTITVTTTV
100,0.351,0.388,LTITLKVDTTTALIGVTGQIGNIHHKPGGGQVEVKSEKTTLTNNVTLKVGDIAPKHDIPGGGAKQTTTVTQTV
101,0.35,0.431,VTFNFKVTNVTVVVNVVGKIGNIHHKPGGGQVEVKSEKAVFTKDVTLKIGELAPDHNIPGGGNTVTVNVTITV
102,0.38,0.431,IEITQKVTVTVVLLAVTTKLGNIHHKPGGGQVEVKSEKLELTTTAGLKIGDLAPTHLLPGGGGVLILTVKTTV
103,0.309,0.388,IEVKFKVKQENEVKAETGKIGNIHHKPGGGQVEVKSEKAEYATKVTTKIGDIAPTHNIPGGGAAVTVEVKLEL
104,0.361,0.431,TVTVTKVENQNEVKGDVGTIGNIHHKPGGGQVEVKSEKLQTTTVVTLKIGDLQPTHNIPGGGATVTQTVTTTN
105,0.34,0.417,ININVKTENTNVVVAVTGKIGNIHHKPGGGQVEVKSEKAVFANTVTLKIGALEPTHDIPGGGAAVTTATTVTV
106,0.306,0.417,LEFNFKIENKNEVKNETGKIGNIHHKPGGGQVEVKSEKLNVTNNVTLKIGDLAPQHTIPGGGNEVKIEIEAKF
107,0.317,0.519,ITIDLKIEAKAKIIAKTGKLGNIHHKPGGGQVEVKSEKLEIKDDPKLKIGDLAPTHNIPGGGNTLILDIQLTF
108,0.336,0.417,TVTVFKPEVKVEVKAEVGQIGNIHHKPGGGQVEVKSEKQEATVTVTQKVGALEPTHAIPGGGAKVELNLNVTV
109,0.329,0.504,ITIKFKPETKTNVTAVTGAIGNIHHKPGGGQVEVKSEKLELKDVPTLKIGDLAPQHLVPGGGTTVTVTVQLTV
110,0.331,0.388,ITIKQKIITKTNVLAVTGAIGNIHHKPGGGQVEVKSEKATFTNNANFKIGDIAPNHAVPGGGATVKKEIQQQV
111,0.343,0.475,IEITFKPEVQVDVKADTGQIGNIHHKPGGGQVEVKSEKLTLTNVVELKIGELAPVLNVPGGGNEVTIKIELKF
112,0.316,0.49,VTVNYKPELKLELKAKVGKIGNIHHKPGGGQVEVKSEKATFTTTVTAKIGALDPNHTVPGGGGTVKVDLKQTL
113,0.365,0.461,VVFILKIVEIELVLNLTGTIGNIHHKPGGGQVEVKSEKLDLGLTTTLKIGDQTPTHAIPGGGATKIRPIKFTV
114,0.328,0.402,FKVEKKEENKNVVVNVTGAIGNIHHKPGGGQVEVKSEKIELNNYVTIKLGQLEPTLTVPGGGADLKQDVKLEL
115,0.334,0.475,VKIEFKPETVTTVEAKTGNIGNIHHKPGGGQVEVKSEKLTVTVDVTMKIGELEPTHNIPGGGNTVQVNPKNET
116,0.329,0.417,LKFYFKVDTKAVILALTGTIGNIHHKPGGGQVEVKSEKKENNTTVTEKIGALEPTHNVPGGGNTYTIDVKLEL
117,0.356,0.388,ITFYYKGTTTTAVTAALGTIGNIHHKPGGGQVEVKSETGTFTTAVTAKVGNETPTHNIPGGGATVTTATTVTL
118,0.344,0.417,IEIKFKPEILVVTVNVTGAIGNIHHKPGGGQVEVKSEKAEYTTTVTAKVGALDPELKIPGGGAQVVLNLQMTV
119,0.355,0.417,LEFQIKIENKALVLAYVDKIGNIHHKPGGGQVEVKSEKLTITTTVTLKIGDLNPVHIVPGGGATLQIDIKFTV
120,0.332,0.431,IKVELKPETKALVVNVTGTIGNIHHKPGGGQVEVKSEKLTLTVTTVLKIGDLTPVHATPGGGNDVTITLQATL
121,0.326,0.417,KKIEFKLEQELVVLAVTGAIGNIHHKPGGGQVEVKSEVMTLTNDVNLKIGDLTPTHDIPGGGAKVELELKLEV
122,0.341,0.446,ITVTLKLVTTTVVVAALGKIGNIHHKPGGGQVEVKSEKLELTDKVTLKIGDQAPAHVIPGGGATVTLTLQLTL
123,0.351,0.402,LKVEFKVEATADVKAKVGNIGNIHHKPGGGQVEVKSEKLTLTTRTTLKVGALEPKHTIPGGGATLTIVVNMTL
124,0.369,0.417,VDYTQKPFALAVIVGVVGDIGNIHHKPGGGQVEVKSEKTTTTVVTTQKIGDLEPNHTIPGGGATLTVTPQTTI
125,0.341,0.431,LIIVFKLTTTTTVVTATGAIGNIHHKPGGGQVEVKSEKAVFLTTTTTKIGDQAPLHLIPGGGATVTQTLQLTV
126,0.327,0.446,TKFEFKLDQTAVVVAVTGKLGNIHHKPGGGQVEVKSEKLTLTVTVKLKIGDIAPTHNVPGGGATQTVTLKMTV
127,0.365,0.461,LKVEFKVTTNTVVFAVVGTLGNIHHKPGGGQVEVKSEKLTVTTTVVMKIGALEPNHTVPGGGNTVTVTVTFTL
128,0.352,0.431,TTTALKPELKLQIVATTGAIGNIHHKPGGGQVEVKSEKLEIEVEAELKIGDLEPHHDVPGGGNKVNLVLTTTV
129,0.335,0.446,VIFRFKHLNVNVVVAVTGAIGNIHHKPGGGQVEVKSEKAEFEKEVELKIGDQAPKHEVPGGGNTVTLALDFTF
130,0.333,0.388,IKFEYKPEVKEIILALTGTIGNIHHKPGGGQVEVKSETATYTTTVTLKIGDQGPTLTVPGGGAKVEIELEFKV
131,0.311,0.431,VELKLKPEQKQVVTATTGTIGNIHHKPGGGQVEVKSEKTEYTVTTTQKIGDIAPTHNIPGGGATVTTTLTLTV
132,0.324,0.431,VRFELKPERKETVTATTTTLGNIHHKPGGGQVEVKSEKADLTVTVTLKVGEQAPQHNVPGGGNTVEVKLEFKV
133,0.332,0.417,IKIEFKLETITLVVGVTGQIGNIHHKPGGGQVEVKSEKAEYNTTVQYKVGDLAPQHAIPGGGAKIEVKLELKN
134,0.329,0.446,VTFTQKVEQAALVLALTGNIGNIHHKPGGGQVEVKSEKLEFEKEVTMKIGALEPQHQIPGGGATLTITVKQEQ
135,0.313,0.431,LKVEFKPETTTVIVAVVGKIGNIHHKPGGGQVEVKSEKLDLTTGVTLKIGDLAPTHAIPGGGGEIKLELKLEL
136,0.346,0.417,TTITNKIEQKTVVVGVVGKIGNIHHKPGGGQVEVKSEKAELTVTVTLKVGALEPKHDVPGGGATVTVTITNTT
137,0.383,0.417,LTITFKVDQVQVVLTVTGQIGNIHHKPGGGQVEVKSEKLEAYVTVELKIGEQAPNLLIPGGGAVVTVTVTKTV
138,0.308,0.373,LKVELKPELKLVVVAVGGAGGNIHHKPGGGQVEVKSEKKELDKDATEKIGTLAPTHNIPGGGAIVEVKLEFRL
139,0.333,0.402,LKLEFKVETKTTVVNVTGNIGNIHHKPGGGQVEVKSEKAEYTVTVTLKVGDLTPTLTVPGGGAKTTVEVKFEV
140,0.339,0.461,IELKVKPEAKAVVVAVTGQIGNIHHKPGGGQVEVKSEKAEFKEKIEAKIGALEPQHYIPGGGNKLTTTPTVTI
141,0.351,0.402,FNLELKVELELRVLAVTGTIGNIHHKPGGGQVEVKSEKQELNVNVNLKIGNQEPTHKVPGGGAAVTLKVELKF
142,0.363,0.431,VVTTFKLETTTVVVNVTGAIGNIHHKPGGGQVEVKSEKMFMEKKVEMKVGALDPTMNVPGGGAAVTLTLTATV
143,0.367,0.373,LELKFKVENKNELKTFTGKIGNIHHKPGGGQVEVKSETATFTTTVTTKVGDLTPTLTVPGGGGTQTIPVKMET
144,0.336,0.417,TTITLKPTTKTVVVAVTGKIGNIHHKPGGGQVEVKSEKQVLNVVVFLKVGDLAPTHTVPGGGADVTVNVTQTV
145,0.363,0.417,IEIKLKVITPTLVLALIGTIGNIHHKPGGGQVEVKSEKAEYTTTVTLKVGDLTPVHVVPGGGGVVITKVELKI
146,0.318,0.446,FVLTYKPEVKAEVKAKTGQIGNIHHKPGGGQVEVKSEKKQYTNNVTEKVGDQAPNHNIPGGGATVTITPQLTF
147,0.352,0.446,VKITIKPVVTQVVVAVTGTIGNIHHKPGGGQVEVKSEKMVLTTGVVLKIGDLAPTLNIPGGGAVVVQVLQFTV
148,0.364,0.446,LTFNFKPTQTTVVEAKIGQIGNIHHKPGGGQVEVKSEKAEFTTTVTTKIGELTPKHEIPGGGVTVTTTPTVTY
149,0.308,0.431,IKYELKVEVKAEVKAVTGTLGNIHHKPGGGQVEVKSEKATFTNNVTTKVGALEPKHEVPGGGAELKLEVKFTV
150,0.347,0.431,IKLELKLEREETIKAEVGKLGNIHHKPGGGQVEVKSEKLELTVTVTLKIGDLNPEHKVPGGGAKVQLVLQFTV
151,0.321,0.461,LKLELKVEQKLELKAKVGAIGNIHHKPGGGQVEVKSEKLEFEKDVVLKIGDLAPTHTVPGGGATAIVTVTFTV
152,0.347,0.431,IKIELKIENKNVTFNFNGQIGNIHHKPGGGQVEVKSEKLTLTTTVTLKIGDQAPTLDIPGGGNKITIKIDFTF
153,0.369,0.461,TTITYKPEITIEFKNETGNIGNIHHKPGGGQVEVKSEQRILTNNVTLKIGDLEPKLTVPGGGNKVIINPNMTY
154,0.338,0.446,LKVTAKPEQTQVVVNVAGGLGNIHHKPGGGQVEVKSEKATYTTTVTAKIGALEPNHNVPGGGNTVTNKVTTTI
155,0.361,0.388,LVFTQKVETKTQVVAVTGTLGNIHHKPGGGQVEVKSEQLNVTTTATLKIGEINPTHNVPGGGADVRVEVEMRF
156,0.349,0.461,VKVEFKIEEKLVAVAVTGTLGNIHHKPGGGQVEVKSEKMTLTVTVTLKIGAETPEHKVPGGGLKIEKTIKLTL
157,0.342,0.446,TVYVYKPEITATVVNVTGTIGNIHHKPGGGQVEVKSEKMTLTTTVTLKIGALEPEHKVPGGGAQLVIDPRLEI
158,0.35,0.431,VELKFKPENTNVVVAVTGAVGNIHHKPGGGQVEVKSEKATLTTVVTLKVGDLAPDLNIPGGGAVVTVTPTLTV
159,0.318,0.446,VEFVFKVTATAVVVAVTGTIGNIHHKPGGGQVEVKSEKLELTNNTTLKIGDLAPKHDVPGGGATTTVTVTVTV
160,0.364,0.431,VTIKVKVETTTVAVAVAGTIGNIHHKPGGGQVEVKSEKLVMTTTVVLKIGDQAPVHAVPGGGNNITVNVTTTI
161,0.332,0.417,TTVTFKLEVKLDIKATVGTLGNIHHKPGGGQVEVKSEKEEYKETVTKKVGALEPTHTVPGGGAKVELRLELKL
162,0.331,0.475,TTIVFKPETKTTVTAATGQIGNIHHKPGGGQVEVKSEKLTLTTEVRTKIGNLEPDHNIPGGGATQTIDVKLDV
163,0.348,0.446,VEFKFKVEATAVVVAVTGTIGNIHHKPGGGQVEVKSEKLELKVTVEMKIGALEPHHKVPGGGATTVITVNVKV
164,0.347,0.402,ITITLKVEVELEVKADTTTIGNIHHKPGGGQVEVKSEERQLTKEVTLKVGDIAPTHAIPGGGNKVVITVTFTF
165,0.335,0.402,IEIKFKPEQKQVVVAVTGTIGNIHHKPGGGQVEVKSEELKITVTVTLKIGDQEPKLTVPGGGALVEQKVDQKV
166,0.334,0.461,VVIKVKVEVKVLLLALTGAIGNIHHKPGGGQVEVKSEKAELKTTVTLKIGALEPKHEVPGGGAKLELKVELKF
167,0.35,0.431,LIYVLKLETKTVVLNVVGKIGNIHHKPGGGQVEVKSEKLELTEKVELKIGDQATTHVTPGGGNVVLLILNLTL
168,0.337,0.388,MKFEFKLEQVQLVIGVVGTIGNIHHKPGGGQVEVKSEKRVLTTGVTLKVGDLAPTHNIPGGGNVVIVLLEQKI
169,0.309,0.475,VKIEKKPEDKDVILGLVGKIGNIHHKPGGGQVEVKSEKQELKDAVTQKIGDLAPQLTVPGGGATKEIKIEEKY
170,0.343,0.446,IKFELKLEVEVEVKAKTGALGNIHHKPGGGQVEVKSEKLELTVTVTLKIGDLTPRHDIPGGGVTVVLDLKATV
171,0.346,0.431,LNFEQKVELKLAVVAVTGTLGNIHHKPGGGQVEVKSEKLDINNNVNLKIGELTPLHLTPGGGATVVVTVQTQI
172,0.367,0.431,ITVYLKLELELKVVAVTGNLGNIHHKPGGGQVEVKSEKAELKVVVELKVGALEPTHNIPGGGNQVEVVLEFTL
173,0.325,0.461,IEIKFKITQTQVVKAKTGKIGNIHHKPGGGQVEVKSEKAEFNNDVTLKIGDLEPQLDVPGGGNTVTIKIELKV
174,0.34,0.461,IKIEYKVEETALVLNITGNIGNIHHKPGGGQVEVKSEKLTLTTVVDLKIGDIAPTHVVPGGGANLVRTVKLQI
175,0.333,0.446,FKLEYKPEVETVVVAVTGQLGNIHHKPGGGQVEVKSEKVELENNVTFKIGDQAPQHNIPGGGAKVELRLELRF
176,0.306,0.446,VTVTQKVEQKTVVVAVTGALGNIHHKPGGGQVEVKSEKLEYNTTVNLKIGDLTPTHAVPGGGAKVEVKVETKI
177,0.304,0.402,VKFEQKVETKTVVAAATGAIGNIHHKPGGGQVEVKSERLELNTTTTLKIGDLAPKHEVPGGGAAVAVEVKQEV
178,0.347,0.446,VVVDFKIETTTVVVTVTTALGNIHHKPGGGQVEVKSEKAEYTVNVTLKIGTLEPALNVPGGGATVKIDIKLTV
179,0.345,0.402,LTLTQKNENKNKVNNNMGKIGNIHHKPGGGQVEVKSEFLVATTTVKLKIGNIDPTHTIPGGGATVTVKNETTV
180,0.342,0.402,ITFIAKPETKTNVAAVTGAIGNIHHKPGGGQVEVKSEKYELNVNVELKIGDLAPKHVVPGGGATVNTLLQAVV
181,0.373,0.388,IRFEFKPELGLLPLALVGTIGNIHHKPGGGQVEVKSEKAEFTTTVTFKIGEQAPELKIPGGGVTVVVVVQMQF
182,0.335,0.461,VKVEFKPETVTLVIGVTGQLGNIHHKPGGGQVEVKSETLTLTTTVTLKIGDLTPQLTVPGGGADVKVEVKLEL
183,0.338,0.402,FTLNKKVNTKTVIVAVTGQIGNIHHKPGGGQVEVKSEKQELTVTVTQKIGDLAPTHATPGGGATKTTVVTLTV
184,0.325,0.417,LVLNLKVETKTVVVGVTGTIGNIHHKPGGGQVEVKSEKMELNVTVKMKIGDLAPTHTVPGGGATVTTTVTQTV
185,0.313,0.475,TKIEYKPEIKLEVKAVTGQLGNIHHKPGGGQVEVKSEKAEYNNNTVTKVGDLAPNHNVPGGGVKVVIEPKLTV
186,0.328,0.402,FKFEFKPETKTEVVAKVGNIGNIHHKPGGGQVEVKSEKAEYNVTVTAKVGALEPELKIPGGGAEVKIEIKMEV
187,0.375,0.446,FEINFKPETATLALALVGTLGNIHHKPGGGQVEVKSEKATFTVVPTFKIGDLAPAHTVPGGGLKIVVEPQMTV
188,0.335,0.417,TVVVFKPETKTVAVTVTGKIGNIHHKPGGGQVEVKSEKLEVTNNVTLKIGDQAPELKIPGGGNTVTLTLLNLN
189,0.32,0.446,LKLEFKPEKKEEVKGETGEIGNIHHKPGGGQVEVKSEKMNFNNNITMKIGALEPQHLVPGGGAKVEVNPQLTV
190,0.333,0.417,FKIEFKVKTETEVKAEVGNIGNIHHKPGGGQVEVKSETETFTTTVTYKKGALEPTHNIPGGGNEVKVDVQLKF
191,0.317,0.446,VKFEFKLELKLEVKAKTGKIGNIHHKPGGGQVEVKSEKVTYTKDPTVKIGALDPEHKIPGGGAKVEVKLELTV
192,0.365,0.461,VTYTQKPEQKTVVNAAIGNIGNIHHKPGGGQVEVKSEKEVEKEKDEKKIGNLEPKLAVPGGGAKVTLTLEKTV
193,0.373,0.417,TVLILKVEYEVAVTAVTGQLGNIHHKPGGGQVEVKSEKANFNNNVTLKVGELEPTLTIPGGGATVDVKVDLKV
194,0.346,0.431,LVVFLKIKTDTTVTATFGKLGNIHHKPGGGQVEVKSEKLELTVLATLKIGDLAPQHTIPGGGATVTINIKLEL
195,0.332,0.461,LTIDYKVELKAKVEAKVGKIGNIHHKPGGGQVEVKSEKAEYTTTVTFKVGDLAPQVTIPGGGAKLVVDVKLQV
196,0.358,0.402,TVLETKTETVTVVVAVTGKFGNIHHKPGGGQVEVKSEQAVFTENVEMKIGALEPTHNIPGGGAKVVVATTQTT
197,0.355,0.402,VTFDLKLENTTTVTAATGKIGNIHHKPGGGQVEVKSEKATLTTTVTLKVGDQNPNHQVPGGGATVTQTLQFET
198,0.344,0.431,LVFNFKIETKTVVVAVTGALGNIHHKPGGGQVEVKSEKAEYKTTTTFKVGAMDPQLTVPGGGATVTQTIKFTV
199,0.386,0.431,VIFNQKVEVRVVTLAVNGQMGNIHHKPGGGQVEVKSEKMVLTNDVELKIGALEPKLTVPGGGNVTLIVVKTTV
200,0.348,0.402,IKIEKKEEAKAVVVAVTGNIGNIHHKPGGGQVEVKSEKMVLTTTVTLKIGELNPNHNIPGGGATTTEAETAVV
201,0.354,0.402,LLVLFKVETKTKVEAKTGTIGNIHHKPGGGQVEVKSEKAVYTTLVTFKKGDQAPTHTIPGGGNTVTVVVTMTL
202,0.35,0.373,YTLQQKIQTTTEVKAKTGKIGNIHHKPGGGQVEVKSEKTTTTVTANTKVGDQAPTHTIPGGGANVTQTITTTT
203,0.311,0.446,VKTYLKPEQKQTVVGVTGTIGNIHHKPGGGQVEVKSEKFTFTNTVTAKIGDQAPKHEIPGGGAEVKVELKLTV
204,0.376,0.431,LTVTVKPETETKVENKVGQIGNIHHKPGGGQVEVKSETMTLTVTVTMKVGDLTPTLNVPGGGATLIVLVNTTV
205,0.34,0.446,LTFTRKDTNTNTVIAVTGQIGNIHHKPGGGQVEVKSEKAEFKEEVTLKIGELNTTHNVPGGGNTVTKTDTAVN
206,0.351,0.49,VVVFLKPTTDTKVEAKTGTMGNIHHKPGGGQVEVKSEKLTVTDTVTLKIGDQAPTINIPGGGATVTTTITLTV
207,0.349,0.431,VVLTLKPELKLTLIAVTGNLGNIHHKPGGGQVEVKSEKLVLTNNVTLKIGDQNPTLNIPGGGGTVIVAPQVTV
208,0.321,0.431,IKFDLKIELKQEVKTYVGKLGNIHHKPGGGQVEVKSEKMDLTTTVVLKIGDLAPQHNVPGGGATVTIEIKFEV
209,0.316,0.446,VKLELKPEVKATVVAVTGTIGNIHHKPGGGQVEVKSEKANFTVTVTLKIGDLNPEHKVPGGGVKVELRLEFKV
210,0.347,0.373,LTVELKVDTTTTVATVTGTIGNIHHKPGGGQVEVKSEEQKMTNNVKQKIGALEPKLDIPGGGAVTVTVLTQTL
211,0.353,0.431,VKFELKVEQKTEVKGKVGKIGNIHHKPGGGQVEVKSETQTTTTTVTTKVGDLAPTLTVPGGGVKQEVKVQFTF
212,0.343,0.402,LRLERKVEVTATVANVTGTIGNIHHKPGGGQVEVKSEKAEYTVTVTTKIGDLEPKMEIPGGGNQLKIDVTETV
213,0.338,0.388,TVTIYKLELKLAVLNITGKIGNIHHKPGGGQVEVKSEKATYTTTVTTKVGALEPVHKIPGGGAEVKLELKKET
214,0.352,0.373,FVFFFKVETTTTVTATTTAIGNIHHKPGGGQVEVKSEKQEYNVTVTTKVGAIEPELKIPGGGATVTTTVTAKF
215,0.355,0.461,IQFTFKVDTKTAVTAATGTIGNIHHKPGGGQVEVKSEELKLTVTTELKIGNLDPTHAVPGGGAEVKVTVKFTV
216,0.313,0.446,IKFEFKIEQKAVVKAKVGKIGNIHHKPGGGQVEVKSEKLELTNNVTLKIGALEPTHNVPGGGATLKIDIKTTL
217,0.3,0.475,VKIEKKVENKNLVIAVTGNIGNIHHKPGGGQVEVKSEKLELKERVTLKIGDLNPEHNIPGGGAKLEVKVELKY
218,0.337,0.417,ITIEFKVEQKQKVFAFTGKIGNIHHKPGGGQVEVKSEKATFTTTVTFKVGNLAPTHTIPGGGTTVTVYVELKV
219,0.372,0.446,IEIKFKVEVKVDVAAVYGTIGNIHHKPGGGQVEVKSEKITLTTTVTLKIGNLEPELKVPGGGATLIINVNMTF
220,0.305,0.417,NTFNQKIETETVVVAVTGQIGNIHHKPGGGQVEVKSEKAEFTDNVTAKIGDLAPAHAVPGGGATVTTKIENKN
221,0.33,0.402,LKIELKPETKTVVLALTGNIGNIHHKPGGGQVEVKSEKMVLGNNVTMKVGDLEPTVTIPGGGATVEVKLEFVF
222,0.343,0.417,FVLITKLELKLDVVAVTGTIGNIHHKPGGGQVEVKSEKKEYENNVVLKIGDEAPEHKVPGGGAKVIVVLTTTL
223,0.343,0.431,ATYVLKIEQEQKVQTQTGQLGNIHHKPGGGQVEVKSEKMILTTTVTVKIGDQAPQHTVPGGGATVQQVIQQTV
224,0.336,0.461,VVLFLKLKTVTEVKAKVGKIGNIHHKPGGGQVEVKSEKATFTDKVTMKIGNLNPAHTIPGGGAKVELPLKFEV
225,0.377,0.402,LKLDFKPENQNVVAAATGTVGNIHHKPGGGQVEVKSEEMVMTGTVTYKIGDQAPNLTVPGGGAVTIVVPQKTV
226,0.356,0.417,VTLTLKLTQVQDVKAEAGKGGNIHHKPGGGQVEVKSEKVEVTVVATLKIGDLTPVHLIPGGGNTVTLTLTTTV
227,0.327,0.446,TVFVFKIEGKGVVVAVVGGIGNIHHKPGGGQVEVKSEKLELEKEVELKIGELAPTHTVPGGGATVTQTITVTV
228,0.338,0.504,VVILYKPENVNNVTAKTGKLGNIHHKPGGGQVEVKSERLEIKNDVKLKIGNVDPKHTIPGGGNTVTIPIEMKV
229,0.35,0.388,TVLLMKVETTTTALAVTGKIGNIHHKPGGGQVEVKSEKMELTVAVEMKVGDLAPTLTIPGGGNTVTVTVQMTV
230,0.344,0.446,YTITKKPETKTLVLTLLGTMGNIHHKPGGGQVEVKSEEIKLTEGVTLKIGDLAPQHTVPGGGATVVVTDKETV
231,0.341,0.475,ININLKPVTVTVVLAVTGAIGNIHHKPGGGQVEVKSEKADFTTTTTTKIGALEPVHLVPGGGAKVEKELKQKV
232,0.341,0.431,VKFYTKIKITTVVKAKTGKIGNIHHKPGGGQVEVKSEKMELTTTVTLKVGDLAPEHKVPGGGTTVTITITATV
233,0.331,0.402,VTFTLKVELKNVVLAAVGQIGNIHHKPGGGQVEVKSEKETYTADVTKKVGALEPTHTIPGGGATVNITVNNTV
234,0.344,0.461,TDINYKPEQTQTVNANVGQIGNIHHKPGGGQVEVKSEKAEFKENVTLKVGDQTPQLTVPGGGATVTVTPTMTN
235,0.375,0.446,FVVVLKLETKTAVLAKTGAIGNIHHKPGGGQVEVKSEKLDVTVVTTLKIGDLTPVLNVPGGGATVTLTLTFAI
236,0.366,0.461,VTFDFKVTTKTVVIAITGALGNIHHKPGGGQVEVKSEKGVYTVTVTLKIGDLTPNLNVPGGGNTVTVTVTMVF
237,0.358,0.431,FKLEFKLEAKANVTAKFGQLGNIHHKPGGGQVEVKSEKMNFTTTVTMKIGAQEPTLTLPGGGATLTVKLELKV
238,0.371,0.431,IVINVKNELKLVVDAKTGKIGNIHHKPGGGQVEVKSEKMTLTKEVTLKVGDIAPKLEIPGGGAKVLNENKFTF
239,0.325,0.388,IKLEKKPELRLEVKAATGTIGNIHHKPGGGQVEVKSEKQQNTNNVTQKQGDQAPTHTVPGGGATVTLTLETKV
240,0.332,0.461,VKIDVKVEQVQVVVAIVGKLGNIHHKPGGGQVEVKSEKAEYDRKVTLKIGDLAPQHLIPGGGATVVVTVQLTV
241,0.369,0.446,VVFIQKNTVTVEAKNKVGKIGNIHHKPGGGQVEVKSEKAEFDTTVTVKIGALEPAHTIPGGGTAITVTNKQTI
242,0.341,0.417,TTTIYKPEVKVLLLGVTGAIGNIHHKPGGGQVEVKSEKMEVKENVTMKIGDLAPTHTIPGGGGAVKLVPKTEV
243,0.323,0.402,IEVKFKPEAKLEVKGETGAIGNIHHKPGGGQVEVKSEKATYTVTVKVKIGDQTPTHTIPGGGAEVKLELKLVI
244,0.331,0.417,LTVTYKPTLTLAVVGVTGKIGNIHHKPGGGQVEVKSEKKTFTNDATTKIGDIEPKHEVPGGGATVVVVLTLKI
245,0.361,0.475,LTLDYKPETKTLVIAVTGQIGNIHHKPGGGQVEVKSEKMELKENVELKIGALEPVLLVPGGGAKVIITPTKVV
246,0.336,0.446,FKLELKVETTTAVTATVGTVGNIHHKPGGGQVEVKSEKAEFNNNVTLKVGDLAPEHTVPGGGAGVTVTVTLTV
247,0.348,0.388,ITITEKIEVKDVVKAKTGKLGNIHHKPGGGQVEVKSEKQQLNNNTTLKKGTLEPNLNIPGGGATVEIKIERVV
248,0.329,0.446,TVTVLKPENVNVVAAATGTIGNIHHKPGGGQVEVKSEKLTLTNTVTLKIGAQEPEHKVPGGGNVVKLDLALAT
249,0.372,0.431,LVVTNKVRTTNTIVAVVGKLGNIHHKPGGGQVEVKSEKQELTVTVTLKIGNLAPKVEVPGGGNNFTQTVTQTL
250,0.353,0.461,TTIEYKPEVKVTVENRTGNVGNIHHKPGGGQVEVKSEKMEIKEGVTLKIGAQNPTLAVPGGGATVQVNPKFTV
251,0.339,0.446,IQVTFKPKLELKVTATTGQIGNIHHKPGGGQVEVKSEKADYTTVVTLKVGDVAPTHAVPGGGVEVKVEVKVEL
252,0.343,0.49,TTFTKKVETETEVKAKTGKLGNIHHKPGGGQVEVKSEDLKLTDTVTLKIGELVPKHTVPGGGAKVIVTVTFTV
253,0.346,0.461,TTFNQKVETKTEVKAKTGTIGNIHHKPGGGQVEVKSEKAVFTTTVTLKIGDQAPKHEVPGGGNTKITLVTTTT
254,0.316,0.431,FTVNFKPEEKREVKADTGTIGNIHHKPGGGQVEVKSEKFTFNNNATFKIGDEAPTHNVPGGGAKVEVDYKVTL
255,0.334,0.431,VVLTLKPELKLVVVTFTGQIGNIHHKPGGGQVEVKSEKQELTVTTTQKIGDLTPRHDIPGGGALVIVPVQLTV
256,0.34,0.446,LNINFKIENKAEIKGKTGTIGNIHHKPGGGQVEVKSETLTITVTATLKIGDLTPTLNVPGGGAKLIQNIQLTV
257,0.337,0.373,IDFNLKVETTTVVLALTGKIGNIHHKPGGGQVEVKSEKRVDTVVAVAKVGDLAPDHNVPGGGATLTVDVQFTV
258,0.303,0.431,LKIELKVEAKAAVVAVTGAIGNIHHKPGGGQVEVKSEKLTLTNNTTLKLGDQAPTHQVPGGGAKVEVEVKLEF
259,0.335,0.446,TTVNFKPERKENVVAVTGTIGNIHHKPGGGQVEVKSEKATFTTTVTLKIGELAPEHKIPGGGNTVIVAETLAT
260,0.309,0.475,VKIEYKPENNNVVINITGTIGNIHHKPGGGQVEVKSEKTTDTVTVTKKVGDLAPTHNVPGGGAKVTIDLKLEV
261,0.321,0.388,IVLIQKNINVNVTVAVTGNIGNIHHKPGGGQVEVKSEKLELNKEVKLKIGDLEPKHEIPGGGAAVVTVNNATV
262,0.355,0.388,IRLELKVELKLVVAAVTGTIGNIHHKPGGGQVEVKSEKLQLTNNMTLKIGEQAPTINVPGGGAKVTVAVQQKI
263,0.354,0.475,FEIHYKPETKTTVTAVVGQIGNIHHKPGGGQVEVKSEKLELTTTATLKIGALEPVLLVPGGGAEVKIEIKLVI
264,0.367,0.461,TVYTYKPVLTLDQKAKLGTLGNIHHKPGGGQVEVKSEKYTLNTTVTLKLGALEPEHRVPGGGITVTVTPTKTV
265,0.349,0.417,VVYVLKPENKQAVVAGTGTIGNIHHKPGGGQVEVKSEEMKMTETVTLKIGELTPTHLIPGGGATVVTNLNFTV
266,0.321,0.49,VTYEQKPELKALVVAVTGTIGNIHHKPGGGQVEVKSEKLELKEVVTLKIGDLAPTVTVPGGGNTLTVTNQTTV
267,0.34,0.49,NTITKKEQQNQAVVNATGTLGNIHHKPGGGQVEVKSEKADFAVTTTFKIGDLNPTLTVPGGGNTVTVEEKLTV
268,0.36,0.431,VTITFKPETETVTLNVTGAIGNIHHKPGGGQVEVKSEKLILNVDVTLKIGALEPAHTVPGGGAQQVTITAMVV
269,0.333,0.431,VTFNFKIELEAKIEAKTGKIGNIHHKPGGGQVEVKSETAKYTTTVTTKVGDQAPQHNVPGGGAKKTINITLTV
270,0.312,0.461,IKIEVKIETKTEVKGKVGKIGNIHHKPGGGQVEVKSEKATYTTAVTTKIGALDPQHTVPGGGAQVKIDIKLKL
271,0.344,0.446,IKVEFKVETKTTVTATTGTLGNIHHKPGGGQVEVKSEKLELNTTVTLKIGAQEPTLALPGGGNTVTTNVTLTL
272,0.368,0.373,FTLIFKVLTLTVVIAITGAIGNIHHKPGGGQVEVKSETTTTTVTVTAKVGAIEPNHNIPGGGATVVHDVKFTV
273,0.352,0.388,VTVDIKPETKTVVVGVAGAIGNIHHKPGGGQVEVKSERYELNVTVTLKVGAVEPTLTVPGGGATVTVTLQTQL
274,0.348,0.431,TVITFKPVMKQEVKADVGQLGNIHHKPGGGQVEVKSEELKLTVTTNLKIGALEPEHKIPGGGAEVKVDVTLNA
275,0.354,0.417,FKFVMKITMKAAVVAVTGQIGNIHHKPGGGQVEVKSEKLTLTNTVTLKIGDTQPDHKVPGGGATLTIPIQFTV
276,0.329,0.431,IKIEFKVTATAAVVTVTGQIGNIHHKPGGGQVEVKSEKAEFNNNPTFKIGEEAPTHTVPGGGANLTITVKTTV
277,0.325,0.504,VTVVFKPEAKAVVVAVTGTIGNIHHKPGGGQVEVKSEKAEFRDKVELKIGDQNPVLKVPGGGATQIVTLKLEL
278,0.316,0.475,IVITLKTETTTTVVAVTGTIGNIHHKPGGGQVEVKSEKLELKTTVTLKIGDLTPTHNVPGGGATVVLTTTLTV
279,0.349,0.534,VTIVLKLDTQTKVEAKTGALGNIHHKPGGGQVEVKSEKLEFTDKVELKIGAQEPKLDLPGGGATVQQTLQLTV
280,0.335,0.446,FKLNFKVEAKAKVDAKTGTIGNIHHKPGGGQVEVKSEKAEFTVTVTAKIGDLAPTVNIPGGGAKVTVEVKMEV
281,0.369,0.417,TTVVLKIVQKQPVLALVGQIGNIHHKPGGGQVEVKSEKLEITNNPTYKIGDLAPKLDIPGGGAKVEVEIRTLT
282,0.335,0.461,TVLNFKPVTKTEVKNKVGKIGNIHHKPGGGQVEVKSEKMETTKEVELKIGELNPNHNIPGGGNKVTIKNELKV
283,0.319,0.461,ITVEFKPEVEVKVEAKTGKIGNIHHKPGGGQVEVKSEKMELKEHVEMKIGDLAPEVRIPGGGAKVEVLLKTEL
284,0.305,0.475,LEIKFKPEQVQVVLAVAGKLGNIHHKPGGGQVEVKSEKLELNNTVTLKIGDQAPEHKVPGGGATVTTTIKLEI
285,0.368,0.49,VTVNFKPETLTLPVAVTGAIGNIHHKPGGGQVEVKSEKVDYTVTVTAKIGELEPELKVPGGGVKIELTLKQTT
286,0.33,0.446,VVFTFKPELKLVVLAVTGQIGNIHHKPGGGQVEVKSEKANFTNNVTLKIGDLGPTHNIPGGGATVVLTLTFTV
287,0.339,0.417,QQQEQKPENKNTVVNVTGTIGNIHHKPGGGQVEVKSEKMTLTKDVALKVGDLNPTHTVPGGGATITVTPRTDT
288,0.35,0.49,VEITEKVEDVNAVVAVTTQLGNIHHKPGGGQVEVKSEKATFTTTVTTKIGDLNPKHEVPGGGNTVKVNVKKTV
289,0.344,0.431,TTFKLKPKLTTAVTATTGNIGNIHHKPGGGQVEVKSEKLELTVTVTVKIGALEPEHKIPGGGATLVVVLKMEV
290,0.322,0.402,IKYELKVKQKQVVVAATGTIGNIHHKPGGGQVEVKSEKAEFTTVVTTKIGDLAPQHTIPGGGATVVVDVKFEV
291,0.303,0.461,VKLELKLEVKVEVKNKTGQIGNIHHKPGGGQVEVKSEKATFTDAVTAKVGDLAPTHTVPGGGNKVELKLETKV
292,0.307,0.431,VKIELKIEQTAVVVTATGAIGNIHHKPGGGQVEVKSEKATYTNNVTAKVGDLAPQHNTPGGGATVTLDIKLTV
293,0.332,0.431,VKFNFKIETKTEVKNTVGQIGNIHHKPGGGQVEVKSEKLVLTTTVTLKIGNLDPTHNIPGGGATVKVNINFTV
294,0.333,0.446,ITFTFKPEAKATVVAATGGIGNIHHKPGGGQVEVKSEKAELNTTVTLKIGNLEPTHTVPGGGNEVKVELKATI
295,0.402,0.446,VVIVIKLEMKTTFTATTTTIGNIHHKPGGGQVEVKSETLTITTTVTLKIGDLTNKLEIPGGGGVVILELKFEV
296,0.333,0.461,FVLLFKPKQELVVLTLTGNIGNIHHKPGGGQVEVKSEKAEFTVTVKVKIGALDPTHNVPGGGARVELELKLEL
297,0.367,0.402,TTFTFKPELKTAVVAVTGKIGNIHHKPGGGQVEVKSEKQVLNTTVTQKIGDQTPQLLVPGGGALLVLLLKKET
298,0.351,0.446,TKLETKVETKQTVTATTGNLGNIHHKPGGGQVEVKSEKMNVTTTVTLKIGDINPKLEVPGGGATVVQTVTLTT
299,0.328,0.388,FKFELKVELKAEVKAKVNTIGNIHHKPGGGQVEVKSEKMELTKDAELKIGELEPTHIIPGGGAEVKVEVKVTL
300,0.324,0.504,VKIEQKPETKTNVLAVTGTIGNIHHKPGGGQVEVKSEKLVLTKDVTLKIGDLAPTHTVPGGGNNVTTTEKGTI
301,0.344,0.431,LKIEFKVENKNVVVAVTGNIGNIHHKPGGGQVEVKSEKAEYTVNVTLKIGDLAPTLNVPGGGVNVTVKVDLRF
302,0.367,0.417,VTVDFKIETVTVALAVTTTLGNIHHKPGGGQVEVKSEQALFQTGVIAKVGDLAPQLNIPGGGNTIQITIKLEI
303,0.355,0.431,VTQTQKIEIETKVEATVGNIGNIHHKPGGGQVEVKSEKAVYDKTVTLKIGALEPVHNLPGGGATVTITITTTT
304,0.36,0.388,TVFYLKVETVTLILNVTGTIGNIHHKPGGGQVEVKSEAATYTTTVTAKVGALEPNHNVPGGGNILIVPVTFTV
305,0.357,0.402,IEFTFKITTTATINANTGTLGNIHHKPGGGQVEVKSEKAVYNVTVTAKIGDQAPKHTVPGGGVNLTITIETTI
306,0.366,0.461,VTYTYKPETKTTLQTQTGKIGNIHHKPGGGQVEVKSEKLDFTVVTEMKIGAQEPQHNIPGGGATQILTPTVTV
307,0.333,0.446,LKLELKIEQTVLVVAVTGTIGNIHHKPGGGQVEVKSEKAEYKDGVELKVGALDPTLYVPGGGVTVTVTIELKV
308,0.298,0.417,IKFEKKLENKNVVVAVTGKLGNIHHKPGGGQVEVKSETATYTENVTTKIGELAPTHDVPGGGNKVEIKLEEKV
309,0.344,0.402,FLIFLKPEVKVEIKGVTGTIGNIHHKPGGGQVEVKSETQTLNTTVTQKVGDLAPRVDVPGGGATLTLELKLEL
310,0.328,0.431,YVLVQKVEQKLTVAAVTGTIGNIHHKPGGGQVEVKSEKLTLNNNVTLKIGDQAPQHQVPGGGANVVVTVTQTV
311,0.394,0.417,LTLTFKFTETTVVVAVTGKVGNIHHKPGGGQVEVKSETLKLTNDVTLKIGDLETTLDVPGGGAVKTITINVQI
312,0.327,0.49,VTITLKPRNTNTVVATTGAIGNIHHKPGGGQVEVKSEKVEFNNNVTIKIGDLAPEHKVPGGGNTVTLNLKQTT
313,0.323,0.431,TVTIQKPETKTVVVAVTGQIGNIHHKPGGGQVEVKSEKMVLTTTVTLKIGDLGPVHNVPGGGAKVEIILNTTT
314,0.386,0.475,TTYEYKPTITIDVKAEVGKIGNIHHKPGGGQVEVKSEKLTLTTTVTLKIGALEPVLLVPGGGNTVTITPQMTT
315,0.342,0.402,IKTTYKIELKLVVVGVTGQIGNIHHKPGGGQVEVKSEKQELTNEVNLKVGALEPKHEVPGGGMEVKVEIKKEN
316,0.356,0.417,TTVTNKPEARAVLLQLMGTIGNIHHKPGGGQVEVKSEKLTLTTTVTLKIGDQAPTHTVPGGGATLTVTPTQTV
317,0.34,0.49,FKFNLKPELTANITAKTGKLGNIHHKPGGGQVEVKSEAATFTTTVTAKVGALDPNHVIPGGGNTLIVTVKFTV
318,0.333,0.431,VTFNFKPEVKVAVVAVAGNIGNIHHKPGGGQVEVKSEKLTVTTTATLKMGGLDPEIKVPGGGAKVELKIEFKV
319,0.333,0.417,VKYELKPTLTTVAVAVTGKLGNIHHKPGGGQVEVKSENVQFNTTVNFKLGDLNPQHNIPGGGNTVTVDLKFEV
320,0.341,0.446,VTINLKVENLTVVLNYTGTLGNIHHKPGGGQVEVKSEKATLTTTVTAKTGALEPKHEIPGGGAKVEVEVKREV
321,0.336,0.461,NTITFKPETTTTVLGVVGNIGNIHHKPGGGQVEVKSEKLELKNDIKLKIGDLEPKLEVPGGGATVKTDVTLTV
322,0.349,0.475,TKITYKPETTTVTLAATGTLGNIHHKPGGGQVEVKSEKMTMTNAVTMKVGDLTPTHTVPGGGTTTIQTVTLTV
323,0.326,0.461,LFVLLKVENETKVEAKTGAIGNIHHKPGGGQVEVKSEKKEFTTTVTEKVGDLAPQHNIPGGGAKVTVTVQLTL
324,0.338,0.431,LKFEFKPELTQVVVAVTGTIGNIHHKPGGGQVEVKSEKAVLTTTVTLKVGALEPAHTVPGGGNLVVVTLEFTI
325,0.343,0.373,TTVTKKTETKATVAAAVGTIGNIHHKPGGGQVEVKSEKKTTTNTTIEKVGDLAPTLNIPGGGATLKVETKETL
326,0.326,0.417,LVVVLKPTATAVVVAVVGQIGNIHHKPGGGQVEVKSEKAEYKTDTVLKVGALEPQHTVPGGGATVTVALTFTV
327,0.348,0.417,TTYTFKPEVKTNVIGVTGTIGNIHHKPGGGQVEVKSEKLELNVNVTLKIGDLAPTVTIPGGGATVNVALQFTV
328,0.343,0.402,FKFNLKIELNLNITNITGKIGNIHHKPGGGQVEVKSEKAEYEKLVEKKVGDLNPAHTIPGGGNNVNITIAYTV
329,0.318,0.446,ITITFKPEAKAAITATTGQIGNIHHKPGGGQVEVKSEKLELNRDVTLKIGDLAPTHEIPGGGNTLTVQVTQTT
330,0.364,0.446,VTVTVKNETTTVVVAVTGKLGNIHHKPGGGQVEVKSEKLTLTVTVTLKIGDQAPVLAVPGGGATVKNENTLTI
331,0.333,0.417,LVVEIKVVTKTTVQNQTGALGNIHHKPGGGQVEVKSEKATYTNNVTVKVGDLAPTHKIPGGGATVTVTVTFTL
332,0.347,0.446,ITFNFKIDIDAKIINIVGTIGNIHHKPGGGQVEVKSEKLEINNNVTLKIGDLAPTLNVPGGGATLNITINLTV
333,0.356,0.504,VTVTYKVELKAVVTGVTGKLGNIHHKPGGGQVEVKSEKLTITTTVTLKIGDLAPALTVPGGGATLTVTVTLTV
334,0.34,0.431,VTVTLKPTTTTVVLNLTGKIGNIHHKPGGGQVEVKSEKAEFTTTVTTKIGAIEPTHNIPGGGTTLTLTLTQTL
335,0.37,0.446,YTNNQKPETKTVALALTGKLGNIHHKPGGGQVEVKSEKLEVTVNVTLKIGALEPQLNVPGGGATLTVTLNQTT
336,0.33,0.49,VEIKFKPEVKLNVNNITGEIGNIHHKPGGGQVEVKSEKLDLTTVVTMKIGDLNPKHEVPGGGATVTLTLEVKF
337,0.367,0.417,FVFLKKEINLNVVVAVTTQIGNIHHKPGGGQVEVKSEKKEYTVTVTEKTGDLTPNVTIPGGGNVVIVVEKETI
338,0.344,0.461,TTFQFKPETKTVVLAVTGAIGNIHHKPGGGQVEVKSEKLELKTTVTLKIGDLAPTLDVPGGGAVQLVILKFTT
339,0.352,0.446,FILLLKIEKELEVKAETGQLGNIHHKPGGGQVEVKSEKLDYQVTTEMKIGDLAPNHYVPGGGAKIEDPIQLEL
340,0.335,0.475,FVIVFKPTQTATVVAVTGAVGNIHHKPGGGQVEVKSEKATFTTKVTIKIGELAPTHTVPGGGATTTVTVTMTI
341,0.329,0.417,VVFVQKVETETVVVAVTGNVGNIHHKPGGGQVEVKSEATKYTNTVTTKVGDLAPEHKVPGGGAKVEVRVETTV
342,0.335,0.402,IKLEYKVENKNEVKAITGAIGNIHHKPGGGQVEVKSENATFTNNTNFKVGDQAPNHQVPGGGAKTVVIVELKF
343,0.335,0.402,LKVELKIDQKQTVEAKVGTIGNIHHKPGGGQVEVKSEELKLDVTVTLKIGDLAPELKIPGGGNTVTIDIEMRL
344,0.337,0.402,IVFTFKVTQNAVVVAVTGTIGNIHHKPGGGQVEVKSEKAEFTNTVTLKIGDLAPTLAIPGGGATQTANVTFTV
345,0.326,0.431,IEFNFKPELTAEVKADGGTVGNIHHKPGGGQVEVKSEKATFTNNVTFKIGDLAPVHVVPGGGATLTINLQTTT
346,0.327,0.431,VTITFKPTTTTVTIAVTGTIGNIHHKPGGGQVEVKSEKAEYTNNTNTKVGALDPTFAVPGGGATVTTTVQQTV
347,0.34,0.446,FEFNFKPEAKATLTATVGTIGNIHHKPGGGQVEVKSEKLDLTTTVTFKIGDLTPTHTIPGGGNVQVLTLEQKI
348,0.321,0.461,IKIEVKLEVKVLVKAKVGTIGNIHHKPGGGQVEVKSEKLELTNNVTLKIGDLNPTHKVPGGGAKVELKLELRV
349,0.317,0.446,VKIEFKPEVKAVVTATTGTIGNIHHKPGGGQVEVKSEEQKLENHVELKIGDLNPTHDIPGGGATVTITPTFTV
350,0.351,0.446,VKIDLKVTNTNLVIGVTGAIGNIHHKPGGGQVEVKSEKLELTVEVTLKIGDLAPTLNIPGGGNTLTVTVNFVV
351,0.347,0.461,LIIINKIEAKAEIKAKVGAIGNIHHKPGGGQVEVKSEKLFLKVTVTLKIGDLAPTLTIPGGGNTKTVNINFTI
352,0.355,0.417,IVILLKLEEKTVIINVTGKIGNIHHKPGGGQVEVKSEKMELNNVVTLKIGDQAPEVKIPGGGAKKITELKTEL
353,0.368,0.402,VVFIFKIENKNTVQNQTGQIGNIHHKPGGGQVEVKSEKKETTVTVTEKVGDQAPTLTLPGGGATTTVEIKLTL
354,0.351,0.431,VTVTLKPETKAVVLTVTGAIGNIHHKPGGGQVEVKSEKLEITNNATLKIGALEPELTVPGGGAAVTQVLNFTL
355,0.342,0.461,VQYELKPEQKTQVTATTGKIGNIHHKPGGGQVEVKSEKMTLTTLVTLKVGDLAPAHYIPGGGNDVKIDLKFTV
356,0.323,0.461,VKIEFKPETKTVTVAVVGAIGNIHHKPGGGQVEVKSEKMNFNNNVTVKIGDLEPKHDVPGGGANVTNTITNTV
357,0.35,0.373,VTVNFKLELKLVAIAIAGTLGNIHHKPGGGQVEVKSEKATYTVVATAKVGAEEPKHEIPGGGVKVELELKFEI
358,0.324,0.475,FTIIFKPVTLTVTLALTGAIGNIHHKPGGGQVEVKSEKLTLTKKVTLKIGDLAPVHAVPGGGATVEVKVELTV
359,0.334,0.446,LTLGQKLDTATVVVAVTGNLGNIHHKPGGGQVEVKSEKADFNTRVTLKVGDLAPTHTIPGGGATVVLTLTQTV
360,0.321,0.402,TTFTFKVELKLDVKADTGTIGNIHHKPGGGQVEVKSEKLTLGNNTTFKIGAEEPKHTVPGGGATVKVDVNLTI
361,0.335,0.402,VTFDQKVRVEAVVLAVTGKIGNIHHKPGGGQVEVKSEKLTLTNTVTLKIGQLAPTLNIPGGGAEVRLDVEVKL
362,0.33,0.475,TTTVFKNTNTNLVLALTGKLGNIHHKPGGGQVEVKSEKLELRDEVELKIGALEPKHTVPGGGATLTITNNMTN
363,0.3,0.461,LKIEYKPENKNVVVAVTGKIGNIHHKPGGGQVEVKSETATYTNNVTQKVGDQAPVHNVPGGGNKVEIELKLTI
364,0.325,0.461,VELYFKPEVEVEVKAETGQIGNIHHKPGGGQVEVKSEKLDLTTMVTLKIGDLAPTLNVPGGGAEVKVEPRLEV
365,0.344,0.417,IKFKFKVKTTTLVVAVTGAIGNIHHKPGGGQVEVKSEKFDLTVTVTLKIGNLDPTHNIPGGGNTVTVPVNFNI
366,0.318,0.402,VTLNLKPEVKLAVVAVTGTIGNIHHKPGGGQVEVKSEKAEYTTTTTAKTGDLAPTLAIPGGGADVKLELTLTV
367,0.338,0.417,LKIEEKVELKVEVKAKTGKVGNIHHKPGGGQVEVKSEEMKLTTTVTAKIGDQAPTHQVPGGGATLNVTVTRTI
368,0.326,0.446,VNFNLKIETKTEVKAKTGKLGNIHHKPGGGQVEVKSEKLEVDRNFEIKIGALETTHKVPGGGAKTEIKIEFKV
369,0.363,0.475,TTITFKVEQTAVLVAVVGKLGNIHHKPGGGQVEVKSEKLEVTTTVTLKIGNLEPTHAVPGGGNKLVIVVNLTV
370,0.334,0.417,VEIKMKVTATAAVVTVFGTLGNIHHKPGGGQVEVKSEKATYTNEVTLKVGDLAPEHKIPGGGATLTITVDMVT
371,0.338,0.417,ATVTQKVEQKTLLLNYTTQIGNIHHKPGGGQVEVKSEKLEVKDKVELKIGELEPTHNIPGGGNAQTVQVTNTM
372,0.333,0.417,VTYTKKIETNTTITATTGNLGNIHHKPGGGQVEVKSEKMTLTTTVTLKIGDLAPQHNIPGGGATLNINIQETI
373,0.366,0.373,VTLTAKVALAAAVATVTGKIGNIHHKPGGGQVEVKSENLTVNTTVNMKLGDQAPTLTVPGGGATTVVAVTAAT
374,0.338,0.461,VEFKDKIETKTNINTKTGQIGNIHHKPGGGQVEVKSEKLELTDKVTLKIGALEPEHKVPGGGATYTVTITRTL
375,0.36,0.446,ITIQFKPTVTVTVTTTAGKIGNIHHKPGGGQVEVKSEKTVLDVTVVTKIGAVEPKHEIPGGGATVTLVPKLTV
376,0.347,0.431,VTIVQKNEQTQVTVAVTGQIGNIHHKPGGGQVEVKSEEAKYDQTVTLKIGDLQPVHTVPGGGQTVTTTNTFTV
377,0.337,0.461,TVVTFKPVLVLLVLAVTGTIGNIHHKPGGGQVEVKSENTTYTTTVTTKIGALEPKHEVPGGGAKVDLTLTLTV
378,0.33,0.446,VVIELKPVLVVEVKAKTGKIGNIHHKPGGGQVEVKSEKATLTTTVTLKIGDLAPVHLIPGGGATVQVDLHYEV
379,0.354,0.431,VTLTLKVDQVNAVTATTGQIGNIHHKPGGGQVEVKSEKMEAQTTTTMKVGDLTPLHLIPGGGNEQKVEVKLTV
380,0.339,0.402,VTLAQKVETKTVVVAVTGTIGNIHHKPGGGQVEVKSEKAEYTNTVETKVGDLAPTLNIPGGGAVVTKTVTTTV
381,0.384,0.373,IEIKKKVVRTEVTVAVVGTIGNIHHKPGGGQVEVKSEELTINNNVTLKIGNQAPVLNIPGGGAATLVLEINLI
382,0.323,0.417,IEFTFKIETKTTVTTTTGAIGNIHHKPGGGQVEVKSEKLELTTVVTLKIGDLAPEHKVPGGGAEVKIDIDFRL
383,0.338,0.402,TTLNQKVENKNEVKAVTGAIGNIHHKPGGGQVEVKSENLKLENTVTFKIGDQAPTLNVPGGGATVTITVTTTV
384,0.358,0.417,IVVVFKPEETVVLVNVTGAIGNIHHKPGGGQVEVKSEKLVLTTTVTLKIADLAPTLNIPGGGGTVKKDLQLTI
385,0.351,0.431,FVLVFKLEAEARVEAKTGNIGNIHHKPGGGQVEVKSEKLTLNNNVTLKIGNLEDQLNIPGGGARVELKLQFTL
386,0.369,0.373,LVVYLKLELKLVVVNVVGKIGNIHHKPGGGQVEVKSEKMTMTTTVRMKVGDQTPVHIIPGGGNVVVIDLKFDL
387,0.348,0.446,VQIDYKPQVDQRVLALTGTIGNIHHKPGGGQVEVKSEKQEITTVTTQKIGNIEPTHTVPGGGGTVQLRLELKI
388,0.343,0.446,TVVTLKIEMRLEVLAKVGQIGNIHHKPGGGQVEVKSEKANYTTTVTTKIGDLNPTHAIPGGGAKVQITIQLTV
389,0.322,0.461,TVTVFKPQNKNEVKNEVGQIGNIHHKPGGGQVEVKSEKLTLTNTTTLKIGDLAPQHAIPGGGNKVDVTVNATV
390,0.355,0.373,IKFEFKPELKLVVLGVTGQIGNIHHKPGGGQVEVKSEKKELTQTVDLKEGALEPTLNIPGGGAQVTVKVETKT
391,0.313,0.446,VKFEFKIETKAKVENKVGTIGNIHHKPGGGQVEVKSEKLNLTTTVTLKIGDQAPQHNIPGGGAKLEIKIDFTV
392,0.333,0.446,TTINIKTNTKTTVEAKTGNIGNIHHKPGGGQVEVKSEKAEFNTTVTLKIGDQAPEVKVPGGGATVTTTLQFTV
393,0.33,0.402,IVFEFKVEQKALVLGLTGKLGNIHHKPGGGQVEVKSEKYEYKEKVEMKIGALEPTHNIPGGGAELKVEVEFKV
394,0.343,0.431,FELHLKIENENKVEAKTGTIGNIHHKPGGGQVEVKSEKFTFDKDVEFKLGDITPTHDIPGGGNKVTVDIQLQV
395,0.345,0.431,TTVTVKVETTTVVAAATGAIGNIHHKPGGGQVEVKSEKATFTTTVVAKIGDLTPTHNIPGGGGVVVVTVKNTQ
396,0.33,0.461,IKIEFKPENKNVVVAATTKLGNIHHKPGGGQVEVKSEQLTLTNNVTLKIGNLAPKHEVPGGGNTVTVTIKFEI
397,0.339,0.402,TTVTLKVVTVTLVLAKTGTIGNIHHKPGGGQVEVKSEKANYTVTTTTKVGDQAPTHNVPGGGNEVKVDVAQTL
398,0.342,0.504,VVFVFKPRLELKVEAATGALGNIHHKPGGGQVEVKSEKATYTNNVNAKIGDLAPQLAVPGGGNEVKVELKFTV
399,0.323,0.461,VDIQFKPEAKAVVVGVTGKIGNIHHKPGGGQVEVKSEEKKFAEKVTEKIGDLAPTLTIPGGGATVTVTPNLTV
400,0.353,0.373,FVINIKIETITLVVNVTTTIGNIHHKPGGGQVEVKSEKAEWTNTAKAKIGDQAPQHNIPGGGGNVTIPIKFTV
401,0.317,0.417,VRVEFKVEQRAVVLALTGTIGNIHHKPGGGQVEVKSEKAEFTDNVTLKIGDQAPTHQIPGGGAQVTVKVELRL
402,0.311,0.446,VTVEKKIERKEKVEAKTGKIGNIHHKPGGGQVEVKSEKVEYTVTTTNKIGDLGTTHNVPGGGAEVKVEIKETI
403,0.361,0.475,VTVNYKPEVKTLVLGLTGTLGNIHHKPGGGQVEVKSEKLELTTTVNLKIGDLAPELKVPGGGATVTYVPQITL
404,0.366,0.402,AVLTLKVDTTTVVVGFTGKIGNIHHKPGGGQVEVKSEKLQLTTTTTLKIGAQEPRHNIPGGGADVTVNVTLTF
405,0.317,0.461,VTFEFKNENVNKVEAKTGKIGNIHHKPGGGQVEVKSEKFTFKEKVELKIGDQAPDHNIPGGGNKVEVENRQEV
406,0.344,0.461,VKITFKPEHVAVVGAGTGTIGNIHHKPGGGQVEVKSEKLTLTTGVVLKIGDLAPKHTVPGGGLTLTLAVTTTV
407,0.369,0.402,LEIKFKPKTTTVVVAATGKIGNIHHKPGGGQVEVKSEKAVNTTTVTAKVGELEPKLDVPGGGVTVTTQIQNQT
408,0.336,0.417,LIFYYKPEEKAVVLAVVGNIGNIHHKPGGGQVEVKSEQAIYTTTTTLKIGDLAPNLNIPGGGAKVEKEPKFEF
409,0.35,0.388,IKFEFKVEAQAVVVAVTGTIGNIHHKPGGGQVEVKSEKRVDTTTVTLKVGDLAPTNLIPGGGTTVTVTVTGTV
410,0.35,0.402,LKVELKIELKLTITTVTGQIGNIHHKPGGGQVEVKSEKTTYTVTTTTKTGDLAPTLTIPGGGAKVVLEIKLTL
411,0.339,0.504,VVVVYKPETKTEVKAKTGAIGNIHHKPGGGQVEVKSEKEDLTVTVKKKKGALEPQLNVPGGGATLILELKLEV
412,0.328,0.417,LKVDFKLETKTTVEAKTGNIGNIHHKPGGGQVEVKSEKMELTTTVTLKIGDLTPTHNIPGGGATVTLPLNLTL
413,0.35,0.431,VTYVYKPEVAVVTLAVTGKVGNIHHKPGGGQVEVKSEKAVYTVTVTAKVGDQAPAHTVPGGGNTVTIEQRLEV
414,0.358,0.431,VVLNQKVTAKAVVIGLTGKLGNIHHKPGGGQVEVKSEKEDYNVVVTKKVGNLEPHHTIPGGGATLTTTVTQTV
415,0.34,0.431,IQITLKPEQKTVVIAVTGTIGNIHHKPGGGQVEVKSEQMNLTTTVTLKIGDINPVHLVPGGGATVTVTLQMTV
416,0.348,0.431,IELKFKVEAKADITAATGQLGNIHHKPGGGQVEVKSEKLTLTVTVTLKIGDLAPQHTIPGGGKTLTVEVKTEF
417,0.336,0.431,IKFEAKPEAKALVKAKTGKLGNIHHKPGGGQVEVKSEKVNYENDVTLKIGDLAPKLEVPGGGATVTIRLETRY
418,0.357,0.431,ILFTFKNEATATVNANVTKIGNIHHKPGGGQVEVKSEKLVLTNTVTLKIGDLNPTHNVPGGGNNVTLNLKFTV
419,0.317,0.461,VKFELKPELKTVVVAVTGKLGNIHHKPGGGQVEVKSEKLTVTVTVTLKIGDLAPELKVPGGGTTVEVKIEQTV
420,0.343,0.402,VTIETKVEAKALVLGLTGTIGNIHHKPGGGQVEVKSEKATYTNNTTAKIGELNPTVNIPGGGGTLQVTVQQVV
421,0.341,0.461,VEFQFKPEQVQVVVAVTTTLGNIHHKPGGGQVEVKSEKMDLTTTVKMKIGDIAPTLTVPGGGATVTQTLELKF
422,0.337,0.431,VTVVEKITTTTAVINITGKIGNIHHKPGGGQVEVKSEKKEYQTGVTLKVGELAPQHNIPGGGNTTTITITKTI
423,0.302,0.461,LTIEFKPELKLVVVAVTGTIGNIHHKPGGGQVEVKSEKATFTNNVTLKIGALEPKHTIPGGGAKVEIEIKLEV
424,0.335,0.49,IVIVFKVEVKLTVTATTGRFGNIHHKPGGGQVEVKSEKETYETTVTKKIGDLAPTHTVPGGGNTVVIEVKLTV
425,0.354,0.431,VVVVAKVELTLLVVAITGKIGNIHHKPGGGQVEVKSEKLELTTQTTLKIGDIAPDVNVPGGGATVTVTVTQTV
426,0.324,0.49,FKLEYKVEQQQVVGAVTGAIGNIHHKPGGGQVEVKSEKAVFETTVTLKIGDLAPVHTVPGGGNTVTVTVKLEF
427,0.322,0.475,ITFTFKPTQTQTITAATGKIGNIHHKPGGGQVEVKSEKLELTDNVTLKIGELDPTHNVPGGGNTVTQVITLNV
428,0.311,0.402,VTFQFKIENKTENKNEVGQIGNIHHKPGGGQVEVKSEKAEFTNNVTYKIGDLNPEHKIPGGGNTNKIDIQFVV
429,0.357,0.402,LTVNFKLEQKADVKAETGTIGNIHHKPGGGQVEVKSEKVTLTTTTVLKIGALEPKVTVPGGGATQTVTLTFTL
430,0.356,0.431,VKIDLKLTTTATLVTATGNIGNIHHKPGGGQVEVKSEKMTLTTTVTMKIGDLAPTLTVPGGGANLTLTLQYTV
431,0.354,0.446,VTITFKVETTTNVIAKTGQIGNIHHKPGGGQVEVKSEKMETTNNVTMKIGDLDPQHQVPGGGGTVVTNVNIKV
432,0.374,0.49,VLILFKPDTTTVVLAVTGTLGNIHHKPGGGQVEVKSEKMVLKVTVTMKVGELAPTINVPGGGQTVTKTITMTF
433,0.331,0.388,IVLVFKPEREEEVKAKLGAIGNIHHKPGGGQVEVKSEQQVYTTVTTLKIGALEPEHRIPGGGAEVKVEVEVKI
434,0.368,0.49,VTLNFKPEITLVVVNVTGKLGNIHHKPGGGQVEVKSEKALFVTTVTAKIGNLEPKLELPGGGNKVVVEVKFTV
435,0.345,0.388,LVIIMKVTAKATVTATTTTIGNIHHKPGGGQVEVKSEKAAYATTATAKIGDKAPTHNVPGGGATLTVVVTMTV
436,0.361,0.519,VTINYKPEMTNIVLALTGKLGNIHHKPGGGQVEVKSEKAVYTTTVTTKIGALEPELKVPGGGAKVTITPKLEV
437,0.365,0.475,LTITYKPEVKVAVTATTGTGGNIHHKPGGGQVEVKSEKMETEVGVEMKIGDQTTKHTVPGGGATVTLTLTLTL
438,0.35,0.388,LYIEEKPKLEAKVVAGTGALGNIHHKPGGGQVEVKSETMVVTTTATFKLGDQADKLDLPGGGATVKVELKKEI
439,0.337,0.461,IKIEFKIEIKLEVQAQLGTLGNIHHKPGGGQVEVKSEKLTITNNVTLKIGELTPTHLVPGGGATVTIDIKFTV
440,0.33,0.446,VKFEFKVETVTLVLAITGKIGNIHHKPGGGQVEVKSEKLELTNNVTLKIGDLTPVHNIPGGGATVTVTVTKTF
441,0.346,0.446,VKVELKVETATVVVAVTGQLGNIHHKPGGGQVEVKSEKLVLTVTVTLKIGDLTPTHNVPGGGAVTVTVVTMTV
442,0.348,0.461,LEFKFKPEAVNLVIAVTGKMGNIHHKPGGGQVEVKSEKLELTTTVNLKIGELDPELKVPGGGAEVKVTVELKL
443,0.322,0.388,LKVELKVENTNTVNATVGKIGNIHHKPGGGQVEVKSEYLEVNNNATLKIGDIAPTHNIPGGGATVTTTVTLTL
444,0.341,0.431,VKIEMKVTTTTVVVTVTGNIGNIHHKPGGGQVEVKSEELKVNVTATLKIGALEPEHKVPGGGATVTVTVQVTY
445,0.33,0.475,VKFEQKLETKLDVTATTGTLGNIHHKPGGGQVEVKSEKAELTTTVTLKIGALDPVHNIPGGGNEVKLELKTTV
446,0.331,0.417,IKFEFKPELKLAVVAVTTTIGNIHHKPGGGQVEVKSEKAEFTNNVTIKIGDLAPTLTVPGGGATVVITPEMRV
447,0.344,0.431,ITIQFKPEEKALILNYTGTIGNIHHKPGGGQVEVKSEKGTYTTTVTTKIGELAPDVNVPGGGNTLVKIINLNV
448,0.339,0.461,IEITQKVETKTEVKAELGQIGNIHHKPGGGQVEVKSEKLEMKTTVTFKIGNLEPTLNIPGGGNKVEIVIQQTV
449,0.347,0.446,VNVTLKPTDTAVVLALTGKLGNIHHKPGGGQVEVKSELAVATTTVTAKVGDLAPTHTVPGGGAAVTRTLRFTI
450,0.344,0.446,FQYVLKIETVTLVLALTGQIGNIHHKPGGGQVEVKSEKLELNNNVTYKIGDLAPTHAVPGGGVTVTIAITTTI
451,0.34,0.461,VKVEFKVVTQTTVVAVTGALGNIHHKPGGGQVEVKSEKAVLTNQVELKIGDLAPELKVPGGGATVTVDVKFTV
452,0.32,0.461,ITITFKPEQTQVVVAVTGKIGNIHHKPGGGQVEVKSEKLELATTVTLKVGDLAPTHTVPGGGAEVTVDVKLTV
453,0.325,0.431,ITVTFKVTQTQVVVAVTGKIGNIHHKPGGGQVEVKSEKMELNNNVEMKIGELNPKLTVPGGGATTTVTVQLTV
454,0.375,0.431,VTVNYKVTQTTVVVAVTGTVGNIHHKPGGGQVEVKSETMTAQVNVTMKIGALDPVLNVPGGGANVTVTVNMAV
455,0.353,0.431,LTINLKLETKTNVVNVTTNFGNIHHKPGGGQVEVKSEKETLTTTVTKKKGDLTPGHYVPGGGNNVNLLLKLTI
456,0.326,0.417,FELKLKVEQKQVVLGVLGKIGNIHHKPGGGQVEVKSEEYKLENDVNLKIGDLTPTHVVPGGGATVTVGVKLTL
457,0.367,0.446,LVITFKVETKTTVVAVVGQLGNIHHKPGGGQVEVKSEKLEVTVTVTLKIGELAPTHTVPGGGAVTVVIVTATV
458,0.322,0.417,LTVVLKPEQTQVVVTATGQIGNIHHKPGGGQVEVKSEKAVYTNNVTAKVGDLTPQHAVPGGGATVTNTLEFRL
459,0.32,0.388,LKVEYKEEEKAEVKAETGKIGNIHHKPGGGQVEVKSEKTVDTVTVERKVGDQTPTLNIPGGGNTKKIDKQKKL
460,0.318,0.417,VTVEKKPETKTVTVAVAGTLGNIHHKPGGGQVEVKSEKLTYTVTTTYKIGDIAPTHNIPGGGAKVTTEDKEEV
461,0.329,0.431,VKLEFKVETKAVVLGVTGQLGNIHHKPGGGQVEVKSEKMVLTTAPTLKIGALEPQHNVPGGGATLKLEVKLEV
462,0.347,0.461,IKFEFKVENKTEVRGDTGKIGNIHHKPGGGQVEVKSEKATYTNTVTTKIGNLDPTVNVPGGGATVTVTVKLTV
463,0.348,0.417,VVVELKLEVNLLVVNVTGQLGNIHHKPGGGQVEVKSEEVTLTTTVTTKIGDQAPEHKVPGGGGTVKIELKFTL
464,0.349,0.446,IEIKQKVETETRVEAVTGKIGNIHHKPGGGQVEVKSEKMELTKDVQMKIGNLTPNHNVPGGGNTVTVVVTQTV
465,0.377,0.431,IKVELKVETTTVVVAVTGNVGNIHHKPGGGQVEVKSEKLVLTVTATLKLGALEPTHLTPGGGNKQITVVTLTL
466,0.324,0.431,VKIEFKPTTTTTVVALVGKIGNIHHKPGGGQVEVKSEKMVLTKDVDMKIGDLAPKHEIPGGGATVTVTLNMNV
467,0.322,0.431,FVVTMKPEVKVVVVGVTGRIGNIHHKPGGGQVEVKSEKATYNVNVTGKIGDLAPTHNIPGGGAEVKIEIKLTL
468,0.364,0.475,FKVDYKTEAKALVLEKVGKIGNIHHKPGGGQVEVKSEKLEINNNVTLKIGELEPELKVPGGGAKVVTTTTVTL
469,0.328,0.475,LQLELKPELTLAVTAAVGAIGNIHHKPGGGQVEVKSEKAVYTNTVTTKIGNLDPTHNVPGGGAKVEVRLELRL
470,0.397,0.417,LVIILKLIDGDIVVAVLGKIGNIHHKPGGGQVEVKSETMKLTTTVTMKVGDITPVLTVPGGGATKIIVLQFTV
471,0.36,0.388,TVTITKPTLTAVTVAVTGTIGNIHHKPGGGQVEVKSERLELRLDVTLKIGAQEPKLEVPGGGATVTVVPTTTA
472,0.328,0.431,LVVFLKLETKTEVLNVTGQLGNIHHKPGGGQVEVKSETLTVTKDVKLKIGDLAPVHNVPGGGNKVELKLEFKL
473,0.352,0.431,IILLLKPETATLVVTVTGQIGNIHHKPGGGQVEVKSENLTVTNTVTMKIGAIDPQHTVPGGGATVTLDLKTTV
474,0.32,0.475,VKFVLKPEDKNAVLAVTGNVGNIHHKPGGGQVEVKSEKMELKDNVELKIGDITPTHVIPGGGNTVTKTIEKKV
475,0.334,0.446,VKIELKTVTTTTVTATTTTLGNIHHKPGGGQVEVKSEEKKLDNNVTLKVGNLEPKHEVPGGGNTVTVKTDFTV
476,0.34,0.402,LILLEKPEAKAVVVAATGAIGNIHHKPGGGQVEVKSEKMELTVTVTLKVGDQAPELKIPGGGNTLKVDRKREF
477,0.348,0.402,LKIELKVETKTVAIAIVGKIGNIHHKPGGGQVEVKSEKLELDRTVTLKIGDENPTLNLPGGGNTVTQEVKQEV
478,0.336,0.417,LKFEFKIENKNEVKNDVGKLGNIHHKPGGGQVEVKSETLTLTVTVTLKIGELTPKHTVPGGGAKVEIKIQVQI
479,0.326,0.417,LVVTIKVETTTVVVGVTGTIGNIHHKPGGGQVEVKSEKLELAVTATLKIGDLGPTHAVPGGGATVTTTVQFTI
480,0.338,0.461,FTLIQKPEVKVVVYAYTGTLGNIHHKPGGGQVEVKSEKLELKTTVTLKIGDLAPTHQIPGGGATVKLDLNTTF
481,0.355,0.461,LTINYKPTVKTVVVAVTGAIGNIHHKPGGGQVEVKSETLTLTTKVTTKIGALEPHHDIPGGGNTVTQTTTVTL
482,0.362,0.475,IIVNFKPNVTVTVTATLGKLGNIHHKPGGGQVEVKSEKLEVKTKVTLKIGDLAPVHNIPGGGAEVNVTVQATI
483,0.348,0.431,VVFFFKPTNTNVVVAVTGTLGNIHHKPGGGQVEVKSEKMTLDVTVTLKIGDQAPTLNVPGGGATVTITVTFKV
484,0.381,0.402,ITFTFKIETKTVVLALTGAIGNIHHKPGGGQVEVKSEKLNLTVTTTLKIGNIDPKLLIPGGGNTVIIPIVQVT
485,0.374,0.417,IQLNYKVKVELEARNETGKIGNIHHKPGGGQVEVKSEKLNLTTTTALKIGDIAPVLKVPGGGVEIKIDVKTTI
486,0.371,0.417,TVLVAKIELTLVVVGVTGKLGNIHHKPGGGQVEVKSEKVDYTVGVKAKVGDQAPVHLVPGGGANVNIVITMTV
487,0.339,0.446,ITITFKPENKNVVVTVTGAIGNIHHKPGGGQVEVKSEAAKYTVTVTLKIGELAPKVDVPGGGAVVTQTITITF
488,0.302,0.461,LKIEKKPEVKTEVKAKFGTLGNIHHKPGGGQVEVKSEKATFNATATMKIGDLAPDHNVPGGGAKVERREEFKV
489,0.342,0.417,TVFEFKPETKTVAVAVAGTFGNIHHKPGGGQVEVKSEKLEATTTVTIKIGDLNPTHNIPGGGVTVKINLKFTV
490,0.372,0.446,FVFVFKPEQITLAIAITGQLGNIHHKPGGGQVEVKSEKYTLDVTVTLKIGNLEPKHQVPGGGAKVDLNVELNL
491,0.354,0.475,VTINYKPVTVTLVVAVLGNIGNIHHKPGGGQVEVKSEKKTYTTTVTEKVGAEEPELKIPGGGAKVVTTATLTV
492,0.347,0.446,NTYTYKLELKLDVINITGQIGNIHHKPGGGQVEVKSEKLTITNNATLKIGDLEPQHNVPGGGADVKVTLKVTI
493,0.314,0.388,FKLEKKLETKTTVVGVAGAQGNIHHKPGGGQVEVKSEKATFTTTTTYKIGDLAPDHNVPGGGATVTVDVREEV
494,0.298,0.475,VKIEYKPIQVQVVVAATGALGNIHHKPGGGQVEVKSEKLTLTNNVTLKIGDIAPQHNIPGGGAQVTQTLELKV
495,0.374,0.373,VKFQIKVEFTETIAAATGAIGNIHHKPGGGQVEVKSELQVTVVTTTQKVGELAPKHTVPGGGANKTIIVTFTV
496,0.327,0.388,VNFNFKPETKTVVVAVTGTIGNIHHKPGGGQVEVKSEALTVDKTATLKVGDLAPTLNVPGGGAAVTVPLETKL
497,0.318,0.475,VIIVFKPELKLEVKAKVGQIGNIHHKPGGGQVEVKSEKVEFTNNVNFKIGDITPKHTIPGGGAKVQVDLQMTV
498,0.37,0.388,ITLTFKIEATAVLIAITGALGNIHHKPGGGQVEVKSEKQVLNTVVTQKVGDLTPEVNLPGGGGTLTIDIKLEI
499,0.335,0.388,IKFDKKVEKELELKAKTGTVGNIHHKPGGGQVEVKSEQTVTTVTTTTKIGDLAPDHNVPGGGLKVEVEVKTEI
500,0.306,0.431,VKVELKLENKNEVKADTGKIGNIHHKPGGGQVEVKSEEAKFEVTVVLKIGALEPTHNIPGGGNEVKLELKATL
501,0.359,0.402,FTITFKVTTTTAVVQVTGQIGNIHHKPGGGQVEVKSEEARFTTYVTFKIGDQTPTLQVPGGGATVTTTVTTAV
502,0.307,0.504,VEIKLKPETKTKVVAVTGKIGNIHHKPGGGQVEVKSEKLELKNDVTLKIGDLAPTHAIPGGGATQITELKLEV
503,0.38,0.417,VVLLQKVNTVTQVKAKVGQIGNIHHKPGGGQVEVKSEKMVLTVTVTFKIGELAPKHVIPGGGAVVVTIVQFTV
504,0.342,0.402,VVTVQKVENKNAIINIVGKIGNIHHKPGGGQVEVKSEKATLTNNVTTKVGDLAPEHKIPGGGNVLTLVVTTTT
505,0.335,0.461,VKVELKVENKNVVVAVLGQIGNIHHKPGGGQVEVKSEKLELKTTVTLKIGELAPELRVPGGGATVTVTVQLQI
506,0.341,0.446,IKIEFKPENLNVNLAANGQIGNIHHKPGGGQVEVKSEKVTLTTTVTLKIGDLAPTHNVPGGGGTVLRVDRLEF
507,0.325,0.446,VLFVLKPEQKQVVVAVTGTLGNIHHKPGGGQVEVKSEKLELTTTVTLKVGALEPEHKTPGGGATVKVDLEMTV
508,0.344,0.431,PVFVFKLTVTLTVTAVTTKIGNIHHKPGGGQVEVKSEKLELKDTVTLKIGENAPNHAIPGGGATVTLKLEFTV
509,0.332,0.475,TVIIFKPVDVAVVVAVTGTIGNIHHKPGGGQVEVKSEKLELTVEVTLKIGDINPTHTVPGGGATLVKTLTMTT
510,0.334,0.431,VTVNVKVENNVTVKAKTGKIGNIHHKPGGGQVEVKSEKAEYTNTVTAKIGDLAPTHNVPGGGATVTVVVTTTI
511,0.331,0.431,VVLNQKPEQTNDVKAETGKIGNIHHKPGGGQVEVKSEKATFTTRVTFKLGDLAPEHKIPGGGNTVVLILETKV
512,0.345,0.402,ITVTQKTTTTTITVAVVGNMGNIHHKPGGGQVEVKSEKLELKVVVELKIGDLNPTHNIPGGGAVVVTVTTQTL
513,0.308,0.446,VTLTLKPTTTTTVVTVTGQIGNIHHKPGGGQVEVKSEKLEMNNDVTMKIGDLAPKHEIPGGGATVTATVQQTV
514,0.341,0.402,VTLNEKPEVATVTVAVTGGIGNIHHKPGGGQVEVKSEKMELNKDVKMKVGDQAPTLTVPGGGGTVTLDLKKTV
515,0.347,0.446,LNFNFKIENTNTVVAVTGQIGNIHHKPGGGQVEVKSEKAEFTVTVTAKIGNLEPHHDVPGGGNTVTITITFTL
516,0.358,0.402,LVVTLKIETKTEVKAKTGAIGNIHHKPGGGQVEVKSEAVVKTTTVTEKTGDQAPKLNIPGGGAKVIQTINFTL
517,0.361,0.402,VVVIQKVETITLTVTVTGAIGNIHHKPGGGQVEVKSEKATYTNNVVNKIGALEPKLTLPGGGATVTVTVTTTL
518,0.356,0.402,FTLDLKPTLTLVVVGVTGNLGNIHHKPGGGQVEVKSEKATLTTTVTLKVGDLNPNLTVPGGGANVTVVLEVQV
519,0.334,0.446,LVFEFKIETTTTVTTTTGTLGNIHHKPGGGQVEVKSEKITLTTTVTLKIGALEPTHNVPGGGANVTVPIKLEV
520,0.341,0.446,IEFTFKPELKEVVLGYVGQVGNIHHKPGGGQVEVKSEKLELKTTTALKIGDKAPTHDVPGGGNKVEVVVTQTV
521,0.337,0.417,FTFTLKPTQQVANLAITGTIGNIHHKPGGGQVEVKSEKAEYTVNVEAKIGNLEPKHDVPGGGATTTVDLKTTL
522,0.335,0.402,ITYNIKIEQKTTVDNKVGNIGNIHHKPGGGQVEVKSEAATLDKTVTYKVGNLDPTFTVPGGGNTVTTKIEFKI
523,0.363,0.417,TTVTQKVVTTTVVLGLTGKLGNIHHKPGGGQVEVKSEQMTMTVTVTMKIGDLAPQHTIPGGGAEVKVEVKQTV
524,0.33,0.431,VTFDFKVETKTTVVAVTGQIGNIHHKPGGGQVEVKSEKLELTQNVTMKIGDITPELKVPGGGATVTLDVKLEV
525,0.362,0.446,PVFLLKPLNLTVVIGLTGTLGNIHHKPGGGQVEVKSEKVELTNNVTLKLGTLEPKHEVPGGGAKQVVLLTFTV
526,0.322,0.431,VELNYKPETKTVVVNVVGNIGNIHHKPGGGQVEVKSEKATYTNNVTNKVGNQAPEHKVPGGGATVITKPELKV
527,0.359,0.431,IVFNFKLELKLTVNATVGGIGNIHHKPGGGQVEVKSEKAEFAVTVTMKMGDLAPTLTVPGGGTNVNIPVKVTF
528,0.322,0.417,ITITYKVQTTTTVVAVTGKIGNIHHKPGGGQVEVKSEKATYTVTTTAKVGDLAPQHAIPGGGATVTTTVQLTV
529,0.32,0.417,AVIEFKPEDKTVVVQVTGNIGNIHHKPGGGQVEVKSEKQDLTVTTTQKVGELAPTLNIPGGGATVTKAVELKV
530,0.338,0.431,LQVNFKPETKTVVVAATTKIGNIHHKPGGGQVEVKSEEAKFTNNVELKIGALEPVHVVPGGGVTVKVEVKLDI
531,0.352,0.417,TTLTLKPENTNKVTATTGQIGNIHHKPGGGQVEVKSEEAKYTTTVTVKIGNQAPTLTVPGGGANVTITIDVKV
532,0.325,0.504,VTLTLKPTNTNAVTAKTGTIGNIHHKPGGGQVEVKSEKMDVTDKVTMKIGDLAPKHEIPGGGNTLTLTLTTTV
533,0.348,0.446,LTIVFKPETTTVNVTVTGTIGNIHHKPGGGQVEVKSEKAEYTTTVRVKIGDLTPIHLIPGGGATQVQTLNFTV
534,0.375,0.431,IVFIFKLETRTDIKNVTGQIGNIHHKPGGGQVEVKSEKMELKNNVTLKKGKLEPELKVPGGGNKLILVLKAEV
535,0.301,0.417,VKLEFKPETQTLVVAVTGGIGNIHHKPGGGQVEVKSEKAEYKVTVTAKVGDLAPTHTVPGGGANVVKNIEFKV
536,0.379,0.402,IRMEMKVITVTPVLALTGAIGNIHHKPGGGQVEVKSEKLAVTTTATLKVGAQEPTHQVPGGGAVVITPVDMTF
537,0.34,0.475,VEITFKPVAKAEVVAVTGQIGNIHHKPGGGQVEVKSEKMTLTNNVTLKIGDLAPTHTTPGGGNTLTVVIDLTV
538,0.348,0.475,ITIVLKPIETEAVIGITGQIGNIHHKPGGGQVEVKSEKYALTTTTTLKIGDLGPTHNIPGGGAKKIVDLKTTV
539,0.368,0.388,ITVTLKPTLQLTLVNITGTIGNIHHKPGGGQVEVKSEEMKLTVTVTLKVGDEGPLLLVPGGGNTVTLTLQTTL
540,0.377,0.359,TLVYQKIEVLALIVAVTGNIGNIHHKPGGGQVEVKSETATYTTTVVAKIGDITPKLAIPGGGATFTLNINTTL
541,0.336,0.461,IIIVNKVQNQQNVVNVTGTIGNIHHKPGGGQVEVKSEKLNLTTTVTLKIGDLAPTHAVPGGGNTITQNVNQTT
542,0.345,0.402,VKFEFKIELKLAVVAVTGTLGNIHHKPGGGQVEVKSEKAQFTTTVTLKIGDITPTLALPGGGATVTIKIDAVV
543,0.337,0.461,VTITLKVTTQTTVTAVTGTIGNIHHKPGGGQVEVKSEKANYTNNVIMKVGDLAPALTVPGGGATVTVTVKQTV
544,0.359,0.446,VTITTKVEVRVELTATVGTLGNIHHKPGGGQVEVKSEAAVFTTTVTFKIGDLAPKHDIPGGGVTLTVTVQTTV
545,0.354,0.417,FKVEYKPETVTVVVGVTTQIGNIHHKPGGGQVEVKSEERRLERTVTLKVGDLAPVHLVPGGGATVTVTPNLTL
546,0.349,0.417,LTVDLKLNLTVTVTNTTTTIGNIHHKPGGGQVEVKSEKLELTTDVTLKIGALEPHHTIPGGGATLTVTLQATI
547,0.309,0.431,LKIEQKVETKTVVPAVTGAIGNIHHKPGGGQVEVKSEKLELEREVELKIGDLAPTLTVPGGGATVTTTVDAKV
548,0.342,0.359,IRFEFKVETETVVLGVTGQIGNIHHKPGGGQVEVKSEKQTLTVTVTLKVGDIAPVHNIPGGGAKVEVRVEFKV
549,0.353,0.475,ILIIFKPVTKTKVEAKTGTLGNIHHKPGGGQVEVKSEKAELTNNATLKVGDINPTLTVPGGGANVIVPIQMTF
550,0.338,0.417,VVYFFKPENTNTVVAVTGKIGNIHHKPGGGQVEVKSEKQTLTTTTVQKVGDLTPTHAVPGGGATVQITLQFTV
551,0.322,0.461,TTIEYKPENKNKIDAKTGTIGNIHHKPGGGQVEVKSEKAVYTTTVTLKVGDLNPTHNIPGGGAKLEINLKKTN
552,0.321,0.402,TKFEYKPETKTTITATTGNIGNIHHKPGGGQVEVKSEKLQLTTTVTLKIGDIAPTLTIPGGGATLTVKTEVKV
553,0.365,0.344,IKVNFKPELKAVIAAVTGKIGNIHHKPGGGQVEVKSEKTVITTTATMKIGDITPNVQIPGGGAVLTINVNINL
554,0.324,0.475,TTIQYKPEQKQTVQGQTGQIGNIHHKPGGGQVEVKSEKAEFNKEVEMKVGDLAPTLAVPGGGNTVTQTLNQTT
555,0.356,0.475,VTITFKPEETKVEVAVTGTLGNIHHKPGGGQVEVKSEKLEITKEAQLKVGDLAPKLEVPGGGLKVEIKPQLTV
556,0.33,0.388,LDLKLKVETKTVVVGVTGTIGNIHHKPGGGQVEVKSEQATYTNNVTAKIGDLAPKLEIPGGGATVKVGVKFTV
557,0.359,0.446,FTINQKVETKTNIEARTGKIGNIHHKPGGGQVEVKSEKATYTNNVELKIGALDPTLTIPGGGNVQTVTVTQTF
558,0.331,0.402,FEIKLKIEQKQVIVAVTGAIGNIHHKPGGGQVEVKSEKQNINNNPNLKIGDLNPTHAVPGGGADQKQEIKLEV
559,0.361,0.504,VTYKFKPVTTTQVVAKTGKLGNIHHKPGGGQVEVKSEKLVTTTTVTLKIGALEPEHKVPGGGNQVVQVLTTTV
560,0.34,0.475,TTFNFKIEIKNEITNKTGAIGNIHHKPGGGQVEVKSEKATFTNNVTFKIGNLEPTVTVPGGGNKLTITITLNV
561,0.317,0.431,ITIAKKVETKTVAVAVTGTIGNIHHKPGGGQVEVKSEKLNLTNNVTLKIGDLAPAHVVPGGGVTVKTEVKETV
562,0.328,0.475,TTYDFKITTTTTVTNTTGTLGNIHHKPGGGQVEVKSEKMTVTTTVTLKIGALDPQHTVPGGGATVTTTIQLTA
563,0.318,0.431,LKIEFKPELTLVVVNVTGTIGNIHHKPGGGQVEVKSEKEEYKTTVVKKIGELEPVHQIPGGGATVKVELKQEI
564,0.341,0.446,LEINFKTELTAVVVAVTGTIGNIHHKPGGGQVEVKSEKMELDKTVQLKIGDQNPTVNVPGGGATLTVTTTLTV
565,0.345,0.431,LIFYFKVETKTEVKAKTGTIGNIHHKPGGGQVEVKSEKLTINVTTNLKIGNIDPTHTVPGGGAKVEVKVELRL
566,0.355,0.431,LNINLKPEVKVTTVAITGTIGNIHHKPGGGQVEVKSEKVEFKGDVTFKIGAQEPELKIPGGGATTNVTLQLQI
567,0.356,0.431,IKVTLKPETKTVVVAVVGQIGNIHHKPGGGQVEVKSEKQDYTVVVTTKVGDLAPKLTIPGGGNTVTITLTFTI
568,0.323,0.417,IDIEFKPEQQATINANVGKIGNIHHKPGGGQVEVKSEKVTLTVTVTLKIGDLAPTHTVPGGGATLTIKLELKV
569,0.335,0.446,VVVVLKLEVKAAVGAGTGTIGNIHHKPGGGQVEVKSEKLELTVTVTLKIGDQAPKHEVPGGGATLKIDLKLEI
570,0.368,0.475,VVIYFKIEQVTDVKAKTGQLGNIHHKPGGGQVEVKSEKAEFEKEVRLKIGALEPRLQVPGGGANVTININFTV
571,0.326,0.461,VVVTLKIELKLAVINITGKIGNIHHKPGGGQVEVKSEKAEYDRTVTLKIGDQAPQHTVPGGGNVVIVPIKLTL
572,0.345,0.475,VVFVLKVRALALTVAVTGTIGNIHHKPGGGQVEVKSEKLTLTTLVTLKIGDLNPTVNVPGGGATQTVTVTLTV
573,0.354,0.388,ITLTQKVTLTLLVLAVTGNIGNIHHKPGGGQVEVKSEKAEYTTTTTMKVGDLAPVLKVPGGGATVTLTVQTTV
574,0.347,0.49,VQKEYKPEIEAKVENKTGTIGNIHHKPGGGQVEVKSEKAEYTTTVVLKIGDLTPTHAIPGGGNTLEVPLKTVT
575,0.35,0.417,ITVLFKIELKLEITAKTGAIGNIHHKPGGGQVEVKSENMNLNTTVTLKIGDLAPTLNVPGGGAKAVIKIELQL
576,0.322,0.461,VTVTKKTQTTTTVNANTGNIGNIHHKPGGGQVEVKSEKIDLTNNVELKIGDLAPTLTVPGGGATVTVTTQLTL
577,0.366,0.461,VTLTFKPNRAAVVLALTGTLGNIHHKPGGGQVEVKSEKLNIDNNPKLKIGALEPLHVVPGGGVVLVVTETQTV
578,0.329,0.461,FKKEFKPETTTTVTANVGNIGNIHHKPGGGQVEVKSEKLELTNNVTLKIGALEPTHHIPGGGAAVTVVVKENF
579,0.333,0.431,TVIINKPDLKLLVIAATGNIGNIHHKPGGGQVEVKSEEMKLTNNVTMKIGDLAPTHNIPGGGAKVTVTLQNTN
580,0.306,0.461,VTITLKPELKAEIKAEVGAIGNIHHKPGGGQVEVKSEKAEFNNNVTLKIGALEPTHQVPGGGAKLEVALQMTV
581,0.339,0.402,KKYEFKVEATAVVVAVTGEIGNIHHKPGGGQVEVKSELLITTTTVELKIGDLAPRHEIPGGGATVKTEVKLEV
582,0.354,0.431,LILLLKPTVTLTVTAATGKIGNIHHKPGGGQVEVKSEKMELTVVVTLKIGEEKPNHEVPGGGNTVTLKLELRV
583,0.351,0.388,FKFEFKVTLTLKVEDKTGQIGNIHHKPGGGQVEVKSEFLLYTTTVNLKIGDIAPKHDIPGGGATVTIPVEMKT
584,0.341,0.417,LKLEFKLETKTDVTTKTGQIGNIHHKPGGGQVEVKSEKAEFTDKVTLKIGAIEPQHTIPGGGAVTTVDLNFNL
585,0.355,0.402,FKLEFKLEVQATIVAVVGKIGNIHHKPGGGQVEVKSEKMEFNTTVKLKIGDQAPAHTVPGGGNKLELELQIRV
586,0.322,0.461,IEINFKLETKTVVVAVTGQIGNIHHKPGGGQVEVKSEKLEINKEVKLKIGDLAPAHLVPGGGNTVTLNLQLTL
587,0.348,0.461,TTITNKPELKQVVLNVTGTIGNIHHKPGGGQVEVKSEEAGFGTTVTFKVGDLAPTLNVPGGGNAVIQTFQNTN
588,0.338,0.461,VKFEFKVEVKVEVKAKVTKIGNIHHKPGGGQVEVKSEKATFQTTVTYKIGDQAPTLNVPGGGNTVIVPVKLEV
589,0.336,0.504,TVLVFKVENKNKVQANIGQIGNIHHKPGGGQVEVKSEKLELKDTVELKIGDIAPTHAVPGGGNKVEVKVELTL
590,0.332,0.446,LTVTVKLEQQTKVETKTGKIGNIHHKPGGGQVEVKSEKLELTNNVELKIGDLAPDLKVPGGGAAVTTTLTQNI
591,0.332,0.402,TKLELKVETKTVVLALTGAIGNIHHKPGGGQVEVKSEKVELKENVTLKIGDIAPAHAVPGGGANVTVVVQLQV
592,0.341,0.49,LTITYKPTQTQTVVAVTGALGNIHHKPGGGQVEVKSEKLTLTVTTTLKIGALEPTHNIPGGGNTVTVTPKTTI
593,0.337,0.417,VTINVKLETKTNIINITGKIGNIHHKPGGGQVEVKSEKMELNQDVTLKVGDITPTHNVPGGGNKLEIKLEFTV
594,0.354,0.475,VTVNLKPEVKQVTLTVVGQLGNIHHKPGGGQVEVKSEKLELTTTVTLKIGDQAPTTTVPGGGATTTLTLTLTL
595,0.363,0.417,LKVELKPTMTMVIAAIVGQIGNIHHKPGGGQVEVKSEKLEVTVDVTLKIGKLTPAHNVPGGGAGMTMVVQLAL
596,0.344,0.49,VTLTYKPELKLEVIALTGTLGNIHHKPGGGQVEVKSEEQTLDVAVELKIGALEPKHEVPGGGAKVVVTLTLTV
597,0.328,0.431,VTITLKLEQKQTVAAAVGTIGNIHHKPGGGQVEVKSEKLTLTVTTTLKIGDLTPTHAVPGGGATVTLNLQLNV
598,0.338,0.446,FEIKLKVETKTLALAVTGNIGNIHHKPGGGQVEVKSEKLEIGNNENRKIGALEPTHKVPGGGNVVTVTVTLTV
599,0.328,0.417,VKILKKTETTTVVVAVTGTIGNIHHKPGGGQVEVKSEKADYTEKPELKVGALAPTHAVPGGGATQTIEIKEEI
600,0.366,0.417,VVVGLKVELTLAVVNKLGKIGNIHHKPGGGQVEVKSEQQKLTTTVTQKVGALDPTHKIPGGGNVVALNVDFTV
601,0.369,0.446,VVLEFKVQQKLQVKADVGKIGNIHHKPGGGQVEVKSEKLTVGTVVTLKIGDLAPELKIPGGGNTVIVEVRLEV
602,0.345,0.49,LTVNYKPENRNLVVAVTGTLGNIHHKPGGGQVEVKSEKLEVKVTVDLKIGELNPAHKVPGGGAVVVVPLKTTL
603,0.352,0.446,ITYTFKINTKTVVVNVTGTIGNIHHKPGGGQVEVKSEKLTITVTATMKIGNLEPKHVVPGGGNTTTITIELTI
604,0.303,0.446,VKFEFKIEQTQTVVNVTGKIGNIHHKPGGGQVEVKSEKLIINNDATLKIGDLAPEHKVPGGGNTVTQTIKIEI
605,0.356,0.417,TVTIVKIETKTNVTTKTGKIGNIHHKPGGGQVEVKSEKAEYKVYTETKKGAQDPNHQVPGGGATIQITINFKL
606,0.317,0.388,TTVTTKPTTTTVVVAVTGTIGNIHHKPGGGQVEVKSETATYTTTVTQKVGDLAPEHRIPGGGNTVTTVTTTTI
607,0.332,0.446,LVVNFKIELTLAVTANTGKIGNIHHKPGGGQVEVKSEKATFTKDVTAKIGDLAPVHKVPGGGATVKIDITLTL
608,0.331,0.431,VTFELKPETKTVVVALVGKIGNIHHKPGGGQVEVKSENLTFNTTVNLKIGDLAPEHRIPGGGATVTIELKFEI
609,0.36,0.446,VTIYLKPEVKTVVLTITGGIGNIHHKPGGGQVEVKSEKADFTNNVTFKIGDQAPQHTIPGGGAAVVLVLTLKV
610,0.374,0.359,FTVTFKITNNNVQLNVTGQIGNIHHKPGGGQVEVKSEKVEFTVVTTAKIGDLAPKLEIPGGGGTVTINIDINL
611,0.362,0.373,IKVEFKIEQTTLALAVTGQIGNIHHKPGGGQVEVKSEKVTLTNDVTLKIGDEAPTLTTPGGGVTITTTITFTV
612,0.359,0.446,LIIVFKLEVKLEIKAETGKIGNIHHKPGGGQVEVKSEEGKFEEETKAKIGALDPELKVPGGGAKFTLTLTTTV
613,0.341,0.417,IVLLLKTETVTLVLTVTGQIGNIHHKPGGGQVEVKSEKVELTNTVNLKIGNQDPTHTVPGGGATVTTTTRLEV
614,0.355,0.461,ITITFKPEVVVPVVAVTGTIGNIHHKPGGGQVEVKSEKLVLTTTVTLKVGDLTPTVAVPGGGAAVVVIPKLTV
615,0.321,0.49,LTITLKIETTDVIVAVTGTIGNIHHKPGGGQVEVKSEKLELEKVVTLKIGDLAPEHKVPGGGNTKTITITLTF
616,0.346,0.402,IKFEFKPVTQTLVIGILGKMGNIHHKPGGGQVEVKSEKLELEKEVVLKIGEQAPTVAIPGGGATVTTAVEVRL
617,0.328,0.431,LVIVEKVELKQVVLAATGAIGNIHHKPGGGQVEVKSEKAEYQVTVTTKIGDQAPTHTIPGGGATVTVTVKREF
618,0.338,0.431,LTVNLKVETKTVVLGITGKIGNIHHKPGGGQVEVKSEKLTVTTDVTLKVGALEPAHTVPGGGNTVTVTVQFTL
619,0.365,0.519,VKLVFKVKVETAVAAAVGTLGNIHHKPGGGQVEVKSEKLELKDLTTLKIGNLDPTVAVPGGGANTTVTVKTEF
620,0.351,0.402,ITINFKVEIKNVVVGVTGTIGNIHHKPGGGQVEVKSELAVYTTTVNTKVGDLAPAHAVPGGGNVLNINVNMTN
621,0.326,0.461,VKVEQKPEATATVAAATGTLGNIHHKPGGGQVEVKSEKATYTTTVTNKVGNLDPTHTTPGGGNTTTVTLTTTV
622,0.33,0.417,IKIEKKDEVKEVVVAVTGQIGNIHHKPGGGQVEVKSEKATYTVTVTVKIGDLAPKHDVPGGGAVVVRVDTFTV
623,0.305,0.504,ITIKYKPEKEEKVEAKTGAGGNIHHKPGGGQVEVKSEKLTLTTTVTLKIGDQDPTHTIPGGGATVKEEEKLEV
624,0.363,0.417,ITVTLKPELTTVLIAKTGNIGNIHHKPGGGQVEVKSEKAEYKVDVELKIGDLAPTLTIPGGGGVLLVVPAFTL
625,0.335,0.475,TVLVFKPELKLEVLNKLGTIGNIHHKPGGGQVEVKSEKAEFTVTVTLKIGDLAPAHNIPGGGAKVIVELKTET
626,0.328,0.504,FTFEYKPEREEKVENKTGQIGNIHHKPGGGQVEVKSEKEELTVDVVLKKGALDPVLKVPGGGNKVIEKLEFKV
627,0.318,0.417,TTLTLKVENKNIIIAITGTIGNIHHKPGGGQVEVKSEKLELEKEAELKIGDEAPVHAVPGGGNKLTIQVTLTV
628,0.349,0.417,LKVEFKLTTTTVVVAATGTIGNIHHKPGGGQVEVKSEKLTTTNNVTLKIGNLEPKLDIPGGGATVTIDLKTTI
629,0.322,0.475,VKIEFKPEQKLTVTATTGTLGNIHHKPGGGQVEVKSEKVEFEKNVEFKIGDLAPLHLIPGGGTDVTVKFELKV
630,0.328,0.402,TVTLFKVETVTLVLAVVGQIGNIHHKPGGGQVEVKSEKAELDKDVTLKLGDLAPTHTVPGGGAEVKVEVKKTT
631,0.331,0.388,TVTTTKVTNTNVILGVTGQIGNIHHKPGGGQVEVKSEKKEYRDKVTEKVGDLQPQHNIPGGGATVTVTVTTTT
632,0.374,0.49,LKIEFKLIVEVKIEAKLGTIGNIHHKPGGGQVEVKSEKLELKVTVKLKIGDITPTLTVPGGGATLILNLNLTF
633,0.336,0.417,TVFVEKVETTTVTINVTGKIGNIHHKPGGGQVEVKSEKLTVTTTVTLKIGDLAPEHKIPGGGATVNVTVTKTV
634,0.357,0.417,LKVELKVETTTVVVAKVGQMGNIHHKPGGGQVEVKSEKLDVNVVATLKIGDLGPTLDIPGGGAEVKVEVQLKL
635,0.316,0.49,TTITYKPTTTTVVVNVTTTIGNIHHKPGGGQVEVKSEKMELKDNVTMKIGDLTPEHKIPGGGNTVTVTLTLTN
636,0.352,0.461,FKIEFKPEQTQVVVTVTGTLGNIHHKPGGGQVEVKSEKLVLTVTTTLKIGDLAPTLAVPGGGAEVKVTLTNTV
637,0.352,0.475,VVVVRKVEYKTVVTNTVGKIGNIHHKPGGGQVEVKSEKLTLTVTVTLKVGDLEPLHLVPGGGNTVVVTVKEEI
638,0.339,0.446,FNFTAKPQTETVVVAVVGQIGNIHHKPGGGQVEVKSEKLELKDNVELKIGDIGPTHNIPGGGTVVQVTDATTV
639,0.309,0.519,VTINFKPTTTTTVTAGTGTIGNIHHKPGGGQVEVKSEKLQLTDNVTLKIGDQAPTHAVPGGGNTVTTTVNLTV
640,0.331,0.475,EKIEYKEEQETKVEAKTGNIGNIHHKPGGGQVEVKSEKQTLTTTVTLKIGDLTPTHTVPGGGAKVEIIETKTV
641,0.328,0.417,IKYEFKVELKAVVLAITGKIGNIHHKPGGGQVEVKSEKLEYNNNVTLKIGEVNPNHNVPGGGNTLLVQVKFEI
642,0.318,0.461,IKIETKVTQKQDVKAKTGKIGNIHHKPGGGQVEVKSEKLEVRDTFTFKIGDLAPTHTVPGGGATVTVTVTQTV
643,0.383,0.417,LTITLKVEQKNYILTLTTTIGNIHHKPGGGQVEVKSEKADFTTAVTTKIGNLEPTLNVPGGGATLTVNVTVTN
644,0.365,0.417,IELKLKPTTLTLVVAVTGTLGNIHHKPGGGQVEVKSEGQVLTTTVTLKVGDIEPKHEVPGGGTVVLVVPTLTL
645,0.333,0.519,VTITLKPTTTTNVTNVTGKIGNIHHKPGGGQVEVKSEKMVLTDKVTLKIGTLDPQHNLPGGGNTVTTTTTFTF
646,0.339,0.388,FKLEEKIELKQEIKAEVGKLGNIHHKPGGGQVEVKSEKLTLTVVVTLKIGELEPTHAIPGGGATLTIKIEKKV
647,0.365,0.417,VTVTYKPTLTLAVVGYTGTVGNIHHKPGGGQVEVKSENATYTVTVTTKVGELQPTHNVPGGGANVTVANQMTV
648,0.324,0.461,VKFNQKPELKLAVTAVLGQIGNIHHKPGGGQVEVKSEKADFTTGVTAKIGDEAPQHTIPGGGNEVKLELKFEV
649,0.352,0.431,VKFDFKVEQKQNLQAQLGAIGNIHHKPGGGQVEVKSETLVAGTTVTMKIGDLGPTHTVPGGGGTVTVTVQMTF
650,0.37,0.388,TTQVQKPTTVTVDLAVVGTIGNIHHKPGGGQVEVKSEAMTLGTTVTLKVGDLTPVHLTPGGGGTVTITNTTTT
651,0.334,0.431,TTVTQKTVTTTLVLGVTGKIGNIHHKPGGGQVEVKSEKKTYTVNVTEKIGDLTPTHNVPGGGAVTVTTTTATT
652,0.343,0.431,VTFELKPTTVTVAVAATTTIGNIHHKPGGGQVEVKSEKLEITNNVTLKIGAQDPDHNVPGGGVAVTQILQLTV
653,0.336,0.446,VKFTFKVEAKAVVVGLTGKLGNIHHKPGGGQVEVKSEKLILTNTVNMKIGDLAPTHAIPGGGATVVVDVKLEV
654,0.342,0.504,IVIVFKVKQEQKVENKVGTIGNIHHKPGGGQVEVKSEKVQLEKDVHLKIGDLNPVHAIPGGGNTVIVTVTMTF
655,0.343,0.359,FVVNLKPLAVAVVLAVVGKIGNIHHKPGGGQVEVKSEKAVYTTTTTTKVGEQAPTHQVPGGGATLVVPVEFRL
656,0.332,0.446,FKLELKLEAKAEVKADVGTLGNIHHKPGGGQVEVKSEKLELTVTVNLKIGDLAPTHAIPGGGAKVVVDLKLEV
657,0.339,0.417,FVLLKKPEITLVNLAVTGTIGNIHHKPGGGQVEVKSEKLELTVTVTLKIGDLAPTHTVPGGGATVTVEEKENV
658,0.335,0.49,VVTTQKPETLTVVVAKTGNIGNIHHKPGGGQVEVKSEKLDLKTTVLLKIGDLGPKHEIPGGGAEVKTEVKAEL
659,0.359,0.446,LQLVAKVETKTVAVAVTGKIGNIHHKPGGGQVEVKSEKAEYAVTVTLKVGDLGPKVDVPGGGAVIVTTVKTTF
660,0.329,0.461,IKIEFKPERREAVVAVTGALGNIHHKPGGGQVEVKSEKMTLTVVVTLKIGDQAPTHNVPGGGNRVEIEIKFTL
661,0.331,0.431,IVFKLKVETTTEVKGKTGTIGNIHHKPGGGQVEVKSEKLELTTTVTLKVGDLAPVHDVPGGGAKVITKVEFKV
662,0.373,0.431,VTNTYKIETKTNIDAKTGTIGNIHHKPGGGQVEVKSEKMEFTTATTAKIGAQEPRFDVPGGGNQLNQNIKTEN
663,0.364,0.431,NTTTAKPILELKINAQTGKIGNIHHKPGGGQVEVKSEKAEFTNNVVAKVGTLEPEHNIPGGGGKVIIIPTTTT
664,0.339,0.402,TTFTFKIRTEQEVKTKTGKIGNIHHKPGGGQVEVKSENLTLTTNTVLKIGDLAPTLNVPGGGATVIIKIEMRT
665,0.373,0.446,VKVDLKVETKTEVKATTGTIGNIHHKPGGGQVEVKSEKAQFTTTVTLKIGALEPVLRVPGGGALVVVVLTLTL
666,0.344,0.461,VIILVKPENKNKVEAKVGAIGNIHHKPGGGQVEVKSETLTITNNATMKIGDLAPTLNIPGGGAKVEVTPEMKV
667,0.347,0.431,TTLNFKIEIQTVVVNVTGNIGNIHHKPGGGQVEVKSETATFGVTVTFKIGDLEPRHEVPGGGATVTITIKLEV
668,0.368,0.475,VTITYKPEIKLEIIAKVGKLGNIHHKPGGGQVEVKSEKKEVKVTATEKVGAQEPEVKVPGGGAKVIINLTMTV
669,0.355,0.446,ITFTFKPEVKVVVVGVIGKIGNIHHKPGGGQVEVKSEQLKLTTNVTLKIGELAPTFNIPGGGNTVTITIQLTV
670,0.363,0.431,FTFVFKIENLNVVVAVTGKIGNIHHKPGGGQVEVKSEKLEITTTTTLKIGALEPTLQIPGGGNNVNIEIKMNV
671,0.345,0.417,LVVNFKVEAKAVIINVAGNIGNIHHKPGGGQVEVKSEKTIYTNNVETKIGDLAPTLKIPGGGNQLTITVQLTI
672,0.329,0.446,VTFDFKVEQTQVVVAVVGTLGNIHHKPGGGQVEVKSEKAEYTTTVTAKIGELAPTHTVPGGGATTIVNVKMEV
673,0.341,0.431,ITIEFKLETKTVVVAVTGTIGNIHHKPGGGQVEVKSEKLEVTNNATLKIGDLAPKLEVPGGGAELKLELKLVV
674,0.359,0.402,VEYQFKVEQKTVVEAKTTNIGNIHHKPGGGQVEVKSEKMELTVTVDLKIGALEPTHTTPGGGALVVIPVNFTI
675,0.343,0.461,TTITTKVVNTTTVVAVTGALGNIHHKPGGGQVEVKSETLTTTTTVTLKIGALEPKHDVPGGGATVVTTVTQTV
676,0.355,0.446,LTVVYKIEIITLVLNITGKLGNIHHKPGGGQVEVKSEKATYKNNVTTKTGAIEPKHNIPGGGAKLEIKIELTL
677,0.337,0.431,IQVQFKVEQTQVVVNVTGALGNIHHKPGGGQVEVKSEKATFTTTVVAKTGAIEPTHNVPGGGATVTVAVTLTL
678,0.359,0.49,VIVLFKPVTLTLVLALVGKIGNIHHKPGGGQVEVKSEKLDLTNNVTLKIGALEPKHTIPGGGATTVVTVTVTV
679,0.349,0.431,LTLTFKAEAKAVVIAYTGQIGNIHHKPGGGQVEVKSEKLDTTVVVTLKIGDQAPTHTVPGGGATLTLTAQTTV
680,0.342,0.388,FVFVLKNETKTTIVNVTGTIGNIHHKPGGGQVEVKSEQAKYTVNVETKIGDQNPDHNVPGGGNTLEIQNQMTV
681,0.338,0.475,VTLVFKVDLQATVNTNTGKLGNIHHKPGGGQVEVKSEKAVFTTVTTLKIGDLAPTHQVPGGGATLTVDVKVTF
682,0.339,0.431,VTLTFKFEQKVTIQAKTGAIGNIHHKPGGGQVEVKSEKAVLTTTVTLKVGDLAPEHKVPGGGATLTITIQLTV
683,0.363,0.431,VVVNMKIELEAVLVGVTGKLGNIHHKPGGGQVEVKSEKAEFKVVVTLKIGDQAPTLTVPGGGGTLKVNINTTL
684,0.347,0.461,ITITYKPEVTVVIIGITGKIGNIHHKPGGGQVEVKSEKLELRTDVTLKIGELNPTHTVPGGGATLVLKLEFTF
685,0.343,0.431,LVINFKPVQLQVVVAVTTTIGNIHHKPGGGQVEVKSEAAVYTTTVTAKVGNLAPTHAVPGGGARVVVDVKMTV
686,0.354,0.49,VVITYKPENTNVVTATTGKIGNIHHKPGGGQVEVKSEKKEYTTTVKEKIGALEPKVLIPGGGAKVVTDPTLTV
687,0.341,0.417,VKLEHKPEAKAVVVAVTGAIGNIHHKPGGGQVEVKSERMELTTTVEMKIGELEPKMDVPGGGATLKLDLKTEV
688,0.34,0.402,FKVEFKAEEAQVTVAVTGTIGNIHHKPGGGQVEVKSEKYELKENVTLKVGDLAPTLTVPGGGAAVVRRVELTL
689,0.356,0.461,VTITTKVTMDMVVTAATGTIGNIHHKPGGGQVEVKSEKAVFETTVTLKIGDIAPTHAVPGGGAAVTVTVTVTY
690,0.35,0.475,VVVVVKPEVKQATIAITGTIGNIHHKPGGGQVEVKSEKLEIKNNVTLKIGALEPELKVPGGGVTVITVPTVTV
691,0.331,0.446,IKFEYKPEQKQDVAAATGKIGNIHHKPGGGQVEVKSEKATFTTTVTTKVGDLTPTHAVPGGGATTTVTPTFTV
692,0.331,0.461,ITINYKPTTTTAVLAVTGAIGNIHHKPGGGQVEVKSEKMTFNNNVEMKIGAQEPHHEIPGGGATVTVTLQLTV
693,0.353,0.446,FKFEFKPEIVVVVFGFTGKVGNIHHKPGGGQVEVKSEKLTLTTQVTLKIGALEPEHKIPGGGAVLVVTIKATV
694,0.381,0.402,VTFTFKLQQENVVLDVTGNLGNIHHKPGGGQVEVKSEEMKLTNTVTLKIGALNPALTLPGGGATVTRDLQMTT
695,0.329,0.431,TTYTLKVEKTLTVTANVGQIGNIHHKPGGGQVEVKSEKLTLTNNVTLKIGDLGPTLTIPGGGATVVDTVTFTT
696,0.35,0.446,VKIEFKVETKTTVVAKTGKIGNIHHKPGGGQVEVKSEKLELTVVATLKIGALEPVHLVPGGGAVVVVTVTFAV
697,0.343,0.461,VKFEFKPEQKLVVVAVVGTIGNIHHKPGGGQVEVKSEKATFTVTVTVKIGDLAPVLTVPGGGNTVTVNLNLNI
698,0.321,0.475,VKIELKITTTTVVVAVTGTIGNIHHKPGGGQVEVKSEKAEFKEGVEAKIGDLTPTLTVPGGGANVTIPITLTI
699,0.329,0.461,LRFEFKIVQKTEVKNKTGQLGNIHHKPGGGQVEVKSEKTELGTTVTLKIGELAPEHKVPGGGAKVEVKIEQEF
700,0.33,0.402,MKFELKPEVKVNVNANVGNIGNIHHKPGGGQVEVKSEQVKLTKDVTIKIGELAPTHNIPGGGNKVELKPEFKV
701,0.33,0.417,TTTNNKPENTNTVKAKTGKIGNIHHKPGGGQVEVKSEKMTLTKTVTMKIGDQAPTHNIPGGGNTVVTINTTTV
702,0.334,0.446,LKVEYKPQATATVVAVTGQLGNIHHKPGGGQVEVKSEKITLNNNVELKIGELAPVHTIPGGGATVTVTATQTL
703,0.335,0.504,LQVTYKPELTTAVVAVTGQIGNIHHKPGGGQVEVKSEKLEITDKVTLKIGELAPTLNVPGGGNTVTVTLTTTI
704,0.374,0.402,VTFTFKVEVTVTAVAVTGNIGNIHHKPGGGQVEVKSEEAKFDTTVVMKVGDLEPKLEIPGGGNTVTVNVELTV
705,0.325,0.431,FTLTLKVTNTNVVVAVTGTIGNIHHKPGGGQVEVKSEKLELEKTVTLKVGDQTPTHTVPGGGNVVTTTVTLTV
706,0.326,0.475,TVFELKVELTQVVIAVTGKLGNIHHKPGGGQVEVKSEKLEIKNNVTLKIGDLAPDHTIPGGGNTTIVIVKLEI
707,0.318,0.446,VKFEFKPEVKTVVVAVTGTVGNIHHKPGGGQVEVKSEKAKFTVEVEAKIGDQAPNHNVPGGGAKVEVELRLEL
708,0.335,0.49,FVLLFKPVLKLEVKNKVGQIGNIHHKPGGGQVEVKSEELKLTNTVTMKIGELAPAHNVPGGGNTVIVDVKLEV
709,0.301,0.446,VTINLKVEQKQEVKAKVGKIGNIHHKPGGGQVEVKSEKAEYEKEVELKIGAQEPKHDVPGGGAKVEVKVELKL
710,0.352,0.446,VKIAVKVETTTVVVNVTGNIGNIHHKPGGGQVEVKSEKMNLTTTVTLKIGNLEPTHTVPGGGAVVVTPVKTTV
711,0.297,0.446,VKVEFKPETKAKVEAKVGKIGNIHHKPGGGQVEVKSEKAEFTVTATMKIGDLAPTHDIPGGGATQKQELKYEL
712,0.326,0.461,IKIELKPEQQAVVLTTTGAIGNIHHKPGGGQVEVKSEKAEYTVTVTAKVGDLTPVLTVPGGGATLTVTLKLTV
713,0.346,0.446,LVIIEKKTTVNLVVGVTGKIGNIHHKPGGGQVEVKSEKADYTTNVTAKVGALDPTHTVPGGGNTVTINKNFTV
714,0.359,0.388,FKVEFKLEQKQTVNANTGQVGNIHHKPGGGQVEVKSEKGTYTNGVTMKIGDEAPTLTVPGGGATTTLNLNFTL
715,0.341,0.417,FKFELKLEVTVALTTTVGTIGNIHHKPGGGQVEVKSEKLEATNNVTLKIGAQDPTHNVPGGGATLVLELKAKL
716,0.344,0.373,VTVTLKPTTTTPVKAEVGTIGNIHHKPGGGQVEVKSEKAELTNTVTTKVGAIEPKHEIPGGGATVTLALATQV
717,0.33,0.388,LTVTFKVTLTNTVTAGVGAFGNIHHKPGGGQVEVKSEAATYTVTVTAKVGDLAPQHTTPGGGATVTINVTLTI
718,0.351,0.431,LVILLKVTVTVVVVAVTGTIGNIHHKPGGGQVEVKSEKMEMTVTTTLKVGDLAPKLTVPGGGNTVTITVQLTI
719,0.332,0.402,IKFNFKINNQLTVTATTGQIGNIHHKPGGGQVEVKSEKAEFKTTTTAKVGDQAPTHTTPGGGANVVINIDLTL
720,0.328,0.431,IKFDFKPEQKAVINNNTGKIGNIHHKPGGGQVEVKSEKVEFTTTVKYKIGDLAPKHDVPGGGTTLTQTLTQTV
721,0.338,0.475,LILIFKPQVKTTVTATTGNIGNIHHKPGGGQVEVKSEKLDMDVVVTMKIGNQNPTHNIPGGGNKVEIPIKLEV
722,0.335,0.446,IKITLKPVTTTVVVTVTGTIGNIHHKPGGGQVEVKSEKLTATTTVTLKIGDIAPDHKIPGGGATLVQQQQVTF
723,0.354,0.461,FDINYKVETTTKVVAVTGQIGNIHHKPGGGQVEVKSEELKLNVGVTLKIGDLNTTHTVPGGGAAVVNVVNFTF
724,0.335,0.431,LVVVQKTVTVTVVLALTGKIGNIHHKPGGGQVEVKSEEAKFTEKVTAKIGEIAPTHAVPGGGATVQTTTTFTL
725,0.34,0.388,VTVDAKVELKLTVEAKTGAIGNIHHKPGGGQVEVKSEKAELTVTVTYKVGDQNPTLTIPGGGATVKVEVKAEL
726,0.336,0.431,LKIVFKNRNRTEVKAEVGKIGNIHHKPGGGQVEVKSEKAEFGGKVTAKIGNLNPKHEIPGGGAEVRNENKTEV
727,0.332,0.446,LKVEAKVEAVTLVVAVTGQIGNIHHKPGGGQVEVKSEKAVFTTTVTTKIGDLAPEHKVPGGGAKVVVTVQATL
728,0.317,0.461,VTFYFKPTLTLTVAAAAGQLGNIHHKPGGGQVEVKSEKATYTNNVTAKIGDQAPEHKVPGGGNTVTINITLTV
729,0.322,0.417,VEFKQKVEQTTVTVAVTGALGNIHHKPGGGQVEVKSEKLEITNNAELKIGDQAPALTVPGGGATVTVTVTQTI
730,0.333,0.461,TTVTLKPEAKATVTATTGTIGNIHHKPGGGQVEVKSEKADYTNNVTLKIGDLNPELTVPGGGATTKVTLTTTV
731,0.369,0.446,VEINFKVTVKVVVIAATGQIGNIHHKPGGGQVEVKSETAVMTNNVTYKVGNLDPKHTVPGGGNTVTVDVKLQV
732,0.346,0.475,LTINLKQVNENKVNANTGTLGNIHHKPGGGQVEVKSEKQTTTTTTTLKVGDLAPHHTVPGGGNTVVQTQTLTV
733,0.36,0.373,TTTVQKVTTTTVTLAYTGTIGNIHHKPGGGQVEVKSEQTTLTTAVTLKTGNQAPTVTIPGGGNQVTITVTTTT
734,0.319,0.431,TTTTFKPEREEKVEAKTGKIGNIHHKPGGGQVEVKSEEYKLEVKVELKIGDQAPTHTVPGGGAKVEVPVTMTV
735,0.346,0.431,VTLTFKPETKTTVTTTTGALGNIHHKPGGGQVEVKSEKETYTVTVTKKIGDQEPVHKIPGGGANVTLDLQRTV
736,0.372,0.388,FVVVIKFDQKQVVVGVVGTIGNIHHKPGGGQVEVKSEEARYTTRTTQKVGDLRPTLTLPGGGQTVQVVLKLDV
737,0.3,0.431,IKIEIKPELKVEVKAETGKIGNIHHKPGGGQVEVKSEKATFTTTVTLKIGDIAPELKVPGGGAEVKVEPELKI
738,0.352,0.49,ITITLKPELKARVVAVVGKLGNIHHKPGGGQVEVKSEKMELTTTVTLKVGALEPRHEVPGGGAKVEVTVNLTF
739,0.361,0.431,TVTVTKVELKANVNNNTGTIGNIHHKPGGGQVEVKSEAANFAVTVTTKIGDLNPALAIPGGGNVLVVTVTTTV
740,0.35,0.431,ITITAKPEVKQTIKATVGKIGNIHHKPGGGQVEVKSEELKLTDNVTLKIGDEAPTLTVPGGGNKTEIKLEQKV
741,0.338,0.402,ITITLKVTTKTAVYGYLGKIGNIHHKPGGGQVEVKSEEAKFETTVTTKVGDLAPKHEVPGGGNNVTIAVTFAV
742,0.359,0.417,TTFTVKVEVVVTVLALTGAIGNIHHKPGGGQVEVKSEKLELTNNVTLKIGTLEPDLRIPGGGATVTITVTQTT
743,0.345,0.417,LKVEFKPEVDVRVVGVTGNIGNIHHKPGGGQVEVKSEKADFTTTVTMKVGNLEPKHTVPGGGATVVVPILMEI
744,0.345,0.446,LTVTTKPTKTEATVGVVGAIGNIHHKPGGGQVEVKSEQAKFTNNVEMKIGNQDPTHNVPGGGATTTETPTTTF
745,0.346,0.431,EKEEFKPETKTDVTATTGKIGNIHHKPGGGQVEVKSEKVTLTNNVTLKVGALNPTMNIPGGGNNVVLTLTFTK
746,0.362,0.461,VTFTFKPTLTLQVTNTTGQFGNIHHKPGGGQVEVKSEKVNYTTRVTLKIGALEPEHRVPGGGATVQVAPTFTV
747,0.318,0.446,LTVNYKPEAVAVVAAATGAIGNIHHKPGGGQVEVKSEKADYTTTTTTKIGDIAPAHAVPGGGAKVEVKPELTL
748,0.328,0.417,FVLNQKPETKTAVTATVGQIGNIHHKPGGGQVEVKSETLTATTTVTLKIGDLAPTHTVPGGGTTVTTKLDFNV
749,0.341,0.461,IVIELKVTTKTTVVAVVGQIGNIHHKPGGGQVEVKSEKLEAKDLVEYKIGDLAPTHTVPGGGATVTTTVTMVV
750,0.383,0.431,LVIVYKIEIKTVLQAQMGKIGNIHHKPGGGQVEVKSEKIEATTTVTMKIGDLNPTLTIPGGGATLTITIQFTV
751,0.365,0.417,ITINLKVEIGIVLLGLVGQFGNIHHKPGGGQVEVKSEKLTLTVVVTLKIGEVAPEHKVPGGGAKIEIKVELKL
752,0.37,0.388,VTVEFKPEAVAVVVAAIGQIGNIHHKPGGGQVEVKSEKAELTTVTAMKIGNMEPQLNIPGGGARVERDLELRL
753,0.324,0.446,VEFKFKVETTTEVKAKTGQIGNIHHKPGGGQVEVKSEKLTLTTTVVLKIGDLAPKHEIPGGGATVTVTVTFTV
754,0.348,0.373,LNITFKIEVTTVTVGVVGAIGNIHHKPGGGQVEVKSEEAKYEKTVTTKVGALEPVHLIPGGGNTVTININLNV
755,0.332,0.402,IKIEFKVENKNVQVAVTGQLGNIHHKPGGGQVEVKSEKMEFTNNVEMKIGDITPTHTIPGGGGTTTVTVEMKV
756,0.357,0.417,TIIIQKLETKTVVLAVTGKLGNIHHKPGGGQVEVKSEKLTLTVNVTLKIGDQAPELKLPGGGATQTVNLKTEV
757,0.371,0.417,LLIILKVTATAVVGQGLGAIGNIHHKPGGGQVEVKSEKMVITTNATIKIGELEPGHNVPGGGATVTTTVAFTV
758,0.335,0.475,VVVVNKPTQQQTVKAKTGKLGNIHHKPGGGQVEVKSEKMTLETTVTMKIGDLNPKHELPGGGATVTTTPTMTI
759,0.331,0.431,LVLVFKLELKLTVTTTTGQIGNIHHKPGGGQVEVKSEKLVLTVNVELKIGDLAPTHNVPGGGATVTIKLEFKV
760,0.348,0.475,VTVVAKPEAKAKVENKTTTIGNIHHKPGGGQVEVKSEKAELTVTVTLKIGDLAPNHNVPGGGAKLEVVPTMTV
761,0.311,0.446,VKFEFKPELKAAIVAVTGGLGNIHHKPGGGQVEVKSEKLQLTEKVTMKIGALNPTHATPGGGAVLVVEVKFTV
762,0.346,0.431,LKLEVKITTTTLVIGVTGAIGNIHHKPGGGQVEVKSEKLEIQNNVTLKIGDQEPKLEVPGGGAKVTVDIKLNV
763,0.344,0.431,IVVLLKPEQQQVVVTATGTLGNIHHKPGGGQVEVKSEQLTTTVTVTLKIGDLAPTHNIPGGGATVTRTLTFTV
764,0.346,0.446,VKVEFKLEQTQKIVAVTGTIGNIHHKPGGGQVEVKSEKLELKETVTLKIGDQTPVHTVPGGGNTTVQVLTTTL
765,0.331,0.417,TVLVQKVELKLTVVAVTGQIGNIHHKPGGGQVEVKSEKMEVGNAVTMKIGDLAPEHKVPGGGADVKIEVNTTT
766,0.332,0.49,TTVVQKPDMNMNVTAVTGAIGNIHHKPGGGQVEVKSEKLEVKDVPVLKIGDLAPTHTVPGGGATVTVTLTQTV
767,0.354,0.431,ITFTLKVEEKAVILGLTGKLGNIHHKPGGGQVEVKSEKLELTTTVTMKIGALEPAHNIPGGGATLIKIVTFTF
768,0.374,0.373,TTITQKPELKLDVKADFVTLGNIHHKPGGGQVEVKSEKEEYFVDPTKKVGDIAPTMNIPGGGANVTVVLTNTT
769,0.333,0.431,TTIVQKTTTTTVVVAVTGTLGNIHHKPGGGQVEVKSEKAVLTTTVTLKVGDLAPAHVVPGGGATVTVATTNTV
770,0.33,0.446,LTLTLKPTTATVVAAVTGKIGNIHHKPGGGQVEVKSEKATFTVVVTLKIGDLAPTHNVPGGGNTVAVVVTTTV
771,0.335,0.417,FELNIKIDITALVLAVTGQIGNIHHKPGGGQVEVKSEKLEITETATLKIGTLDPTHTIPGGGATVTVTITTTV
772,0.349,0.446,FELVYKPELKLTVTATVTTLGNIHHKPGGGQVEVKSEKLELTKDVTLKIGALEPTLALPGGGATVEVKPERKV
773,0.327,0.446,VTFVEKVELKLALTAATGTIGNIHHKPGGGQVEVKSEKLTVTNNVTLKIGDLAPEHKIPGGGATVTVTVTRTV
774,0.319,0.519,VTITYKPETKTTVTATTGTIGNIHHKPGGGQVEVKSEKATFTTTVVYKIGDLDPTHTVPGGGATVTVTITATV
775,0.345,0.417,LIYIFKVELKAVVLAITGTIGNIHHKPGGGQVEVKSEKAEFTNNVELKIGAQEPKHEVPGGGNTLAVVVQFTI
776,0.344,0.431,VEFKFKPETTTVVLALVGKIGNIHHKPGGGQVEVKSEKAEYTVTVTDKVGAQDPTLTVPGGGAKLETTVQAQV
777,0.364,0.461,VRFEFKVEAKATVEAKTGTIGNIHHKPGGGQVEVKSEKLELTRTATLKVGALEPKLEVPGGGVKVEVNVKLTL
778,0.331,0.446,IEINFKPETKNLVLAVAGTIGNIHHKPGGGQVEVKSEKMELTVTVTLKIGDLAPAHTVPGGGALVIIKLEMKF
779,0.337,0.417,FVLNYKVLTTTTTVAVTGTIGNIHHKPGGGQVEVKSEELKITTTATLKIGNLDPKHDLPGGGATVTVTVKLDV
780,0.332,0.475,DTITKKLTNVNVVLAVTGKLGNIHHKPGGGQVEVKSEKAVFTTTVTLKIGDLAPQHTVPGGGATVTLTLKETV
781,0.348,0.402,LTITFKFEVKLNVIAVTGKIGNIHHKPGGGQVEVKSEKLEITVTVTLKIGALEPKHDIPGGGVEVKIEIEFKL
782,0.37,0.417,TVITLKLTLTTAVVAVTGTIGNIHHKPGGGQVEVKSEKQTLTVTTTAKIGALEPALNIPGGGAKVTVTLTFTV
783,0.305,0.446,VKLEYKVEIEAKIENVVGTIGNIHHKPGGGQVEVKSEKAEYKDDVEAKIGDLAPTHTIPGGGNQLQVKVEQKV
784,0.354,0.388,INIIIKLELKAEVKAKTGAIGNIHHKPGGGQVEVKSEKATEADTDTRKVGDLEPTLEIPGGGVELKINLEFKV
785,0.309,0.417,VKFEYKIENKNEVKTETGNIGNIHHKPGGGQVEVKSEKQVLTTTVTQKVGNEAPTHTIPGGGNEVKVEIKLEV
786,0.345,0.388,TTFTTKPTTTTVVVAVTTKIGNIHHKPGGGQVEVKSEKTNLNVTVTMKVGDLAPEHKIPGGGANVTVTLTTTI
787,0.337,0.461,IKLEIKITTTTTVNQNVGQIGNIHHKPGGGQVEVKSEKAEFTTTVTTKIGDLNPEHKVPGGGAKVTIDIKFTF
788,0.337,0.359,LIYLKKIENKNVVIAVTGKIGNIHHKPGGGQVEVKSEKEELNNNVTLKKGELEPRHILPGGGATVEIKIETEI
789,0.33,0.475,VTITFKPEVKVEVKAKTGKIGNIHHKPGGGQVEVKSEKLELGNNVTLKIGALEPKHEIPGGGANLTIILQLKF
790,0.341,0.446,LIIVLKVERTELVVGVVGTIGNIHHKPGGGQVEVKSEKMELKEGVELKVGDITPDHTVPGGGNTVTVDVKFTL
791,0.341,0.417,LKVELKIEIETQVINKVGNIGNIHHKPGGGQVEVKSELAIFTVTVKFKIGDLAPRHDIPGGGADIKVEIKLEL
792,0.302,0.431,FQYQAKVEAKAEVKAKTGAIGNIHHKPGGGQVEVKSEKLTLTNNVTLKIGDLAPTHTIPGGGAKLEVKVTKEI
793,0.342,0.446,VVINAKIETKTVILAVTGALGNIHHKPGGGQVEVKSEKQELTVTVTQKVGALEPTHNIPGGGAKLEITINLTV
794,0.357,0.431,TTYVYKPTQTTVVLNLVGTIGNIHHKPGGGQVEVKSEKTEKTVTVTEKIGDQAPRHDIPGGGAKVTVKKELKV
795,0.341,0.417,IKVEYKVKNETNVNANTTTIGNIHHKPGGGQVEVKSEKMELNNNVELKIGALEPTHKIPGGGNTVTVTVTKTI
796,0.386,0.402,ITFDTKPETKTLPLAVTGAIGNIHHKPGGGQVEVKSEKMEVTVVPTMKVGALEPTLTIPGGGNTVIITPTVTL
797,0.331,0.461,VTLTLKPVTATVVVAVTGNLGNIHHKPGGGQVEVKSEKQTKTTTVTEKVGDLNPEHTVPGGGATVVQTLTQTV
798,0.362,0.475,VQITFKVENENIVLNVTGQLGNIHHKPGGGQVEVKSEKLELKVTVTLKIGDIAPTHTVPGGGAGVFLPVTMTI
799,0.332,0.461,IVIKFKPLQTQVVLAITGQLGNIHHKPGGGQVEVKSEKQEFGNNVNLKIGALEPQHNIPGGGATVTVTLDLKI
800,0.325,0.49,LTITFKPEVKQEVKATVGKLGNIHHKPGGGQVEVKSEKMTFTTTVTMKIGDLAPTHNLPGGGAKVELKLDLTF
801,0.364,0.461,IKIEFKVETKTVVVAVTGATGNIHHKPGGGQVEVKSEKMEITKTVTLKIGALEPTLDVPGGGNTVIQTVELKV
802,0.343,0.446,VEINLKIENVNVVVAVTGQIGNIHHKPGGGQVEVKSEKMEVKENVKMKIGEQAPTVAVPGGGVNVNININLTI
803,0.364,0.475,VIIIYKPEVKVNVTNTFGQIGNIHHKPGGGQVEVKSEEAKFDRTVETKIGALEPKVEVPGGGTTVTVQPNMTV
804,0.359,0.402,IKIEMKLETKAVVLAVTGQIGNIHHKPGGGQVEVKSEKLEATVVVTAKIGAQEPFHYVPGGGATVTLVLEMKV
805,0.37,0.461,LTITLKPETTTEVKADTTQIGNIHHKPGGGQVEVKSEKMEMTTQVVMKIGDLTPTLNVPGGGNKVVTPLKMTV
806,0.352,0.417,FVLLYKPEDTLVVVAVTGTIGNIHHKPGGGQVEVKSEKMTVTTTVTLKIGDQTPTHNIPGGGATVTRQPQLVL
807,0.382,0.417,IKFIFKPELQANVTAKVTKIGNIHHKPGGGQVEVKSEQTIYTVNVETKIGNIDPTVEIPGGGNTLTITLTGVT
808,0.356,0.446,VKIEFKVELTLLVLALTTTIGNIHHKPGGGQVEVKSEKATFTTTVTLKVGDLNPAHVVPGGGAVVTITVELKF
809,0.338,0.417,LNYQYKPETKTVVVGVTGNIGNIHHKPGGGQVEVKSEGEVYTTTVTAKKGAIDPEHKVPGGGGDVKVDPKFTL
810,0.352,0.417,VDITLKVEAKALVIAVTGKIGNIHHKPGGGQVEVKSEQATYNNTVTTKIGALEPTHYVPGGGATLILPLTQVV
811,0.368,0.402,KKNEAKVEVTQVVVAVTGKIGNIHHKPGGGQVEVKSEKLELEKEVVFKIGAQEPELKIPGGGAATVLTVTTTV
812,0.356,0.402,ITYTNKNINNNTVLNYTGKIGNIHHKPGGGQVEVKSEKKVYTVVVTEKTGDLTPQHTIPGGGNKVINLNLMNI
813,0.345,0.388,IVILFKIENKQTIVNYTGTIGNIHHKPGGGQVEVKSEEARLDTTVTLKIGDLEPKHEIPGGGATNVITINMTI
814,0.347,0.446,FKLEFKVEATATVDAKFGQLGNIHHKPGGGQVEVKSEKLVLTTTVTLKIGDLAPNHNIPGGGAVNIVIVTFTL
815,0.356,0.402,VTFDMKIETTTVLLALTGTLGNIHHKPGGGQVEVKSEYMTVTATVTLKIGDLAPKHEVPGGGANQTIPIQATV
816,0.336,0.461,VTFTFKVEQKTVVLALTGTLGNIHHKPGGGQVEVKSEKAEFEKEVEQKIGEQNPKLDVPGGGNTVTVTVNFTV
817,0.363,0.446,VDFDAKTTLTAVVLAVTTQLGNIHHKPGGGQVEVKSEKMELTVTVTMKIGELNPQHNVPGGGTTLTTTTTATF
818,0.34,0.461,LVIILKPKIELKLNANTGKIGNIHHKPGGGQVEVKSEKAEYTVTVTGKIGALEPKHEVPGGGGKVEINLKLEI
819,0.365,0.417,EEFKFKLERKAEVVAVTGTIGNIHHKPGGGQVEVKSEKVEFTKDVTYKIGDLAPNVNLPGGGATLVHFLFLTV
820,0.347,0.431,VEFNFKIELKLEVTATTTTIGNIHHKPGGGQVEVKSEKLILTTNVELKIGDLAPQHAIPGGGNKVEIEITFNI
821,0.366,0.417,FQYTLKTDTTTVTVAVTGKIGNIHHKPGGGQVEVKSEKMTFNTTVNMKIGELEPKLEVPGGGAQQQTNTQFTV
822,0.365,0.461,LVFTLKPTLTLPVTAVTGNIGNIHHKPGGGQVEVKSEKAVYTTKVELKIGDLTPVVLVPGGGNKVTVTLTAVV
823,0.341,0.402,VTFKLKVETTTTVLAVLGQIGNIHHKPGGGQVEVKSEKLELTNNVNLKIGDQAPTHTVPGGGATTKVVVEYKV
824,0.368,0.388,FEVQVKVETQNLVLNYTGTIGNIHHKPGGGQVEVKSEKAVFANDATLKIGALEPRLEIPGGGNELRVDVATKY
825,0.335,0.402,IIILLKIEQEQEIKAVTGAIGNIHHKPGGGQVEVKSEKLTVNDGATLKIGNMAPTHNLPGGGNEVKVKIDITL
826,0.35,0.461,VVFVLKVQVDLKVIAKTGTIGNIHHKPGGGQVEVKSEKMELNNTVTLKIGNLAPTFNLPGGGAKVELRVEFTV
827,0.359,0.417,VVVFAKLEATANINANTGNLGNIHHKPGGGQVEVKSEKEEKKETVNEKKGALEPTHNIPGGGKTLTVNLTLTL
828,0.313,0.461,ILYNLKIQRQETVVAVTGQIGNIHHKPGGGQVEVKSEKLTLTNNVTLKIGDLAPEHKVPGGGATVTETITLTI
829,0.331,0.431,TVTTQKVEVKTQVTATTGTIGNIHHKPGGGQVEVKSEKLEVTTTVTLKIGDLNPTHNIPGGGATTTTTVQTTT
830,0.353,0.446,VKVEFKVEVKTVVVAKVGQIGNIHHKPGGGQVEVKSENLKLTTTVTLKIGDLGTVHNVPGGGATVTVVVKVTL
831,0.34,0.446,LEVVMKPEMKAEVKADTGTLGNIHHKPGGGQVEVKSEKGTFTTTVTLKVGALEPLHAVPGGGAEIKVNVNTTI
832,0.331,0.431,IQIDLKIETKTVVVAVVGKLGNIHHKPGGGQVEVKSEKADYTEKTVNKVGDIAPTLTVPGGGATVTIDIKQTL
833,0.339,0.417,TTITQKVDLRLVVLALTGAIGNIHHKPGGGQVEVKSEKLEVNNNVTLKIGKLEPTHLTPGGGANVTVTVTQNV
834,0.345,0.461,FVLTKKDVMKAVVVAVTGTLGNIHHKPGGGQVEVKSEKLALTDKVTLKIGDMAPAHAIPGGGNKVEVVDQTTL
835,0.333,0.417,FTINFKIEEKTRVEAATGTIGNIHHKPGGGQVEVKSEKATYTNNVTLKIGELNPTHNVPGGGATVTRNITMTV
836,0.379,0.402,LNVIQKVDLKLTLTATTGKIGNIHHKPGGGQVEVKSELAVFTTTVNAKIGNVEPVHAVPGGGATVNTTVTTTT
837,0.32,0.431,ITFNLKVETKTDVKADTGTIGNIHHKPGGGQVEVKSEKAVYTVNVTAKIGDLAPTHNVPGGGANVTTTVTFTF
838,0.363,0.461,LLVLFKPEVKVVVLNVTGQIGNIHHKPGGGQVEVKSEKATYTTRVTLKVGDLATELKIPGGGAKVTITPKLTL
839,0.346,0.461,IVIINKTETTTTVLALVGGIGNIHHKPGGGQVEVKSEKLELTVTVTLKIGALEPTHTVPGGGATTVTTTTLTV
840,0.333,0.402,VTVFLKIEEKATVVAVTGTIGNIHHKPGGGQVEVKSEALTVTNNPTLKIGDQAPTHTIPGGGATLVKTITLTL
841,0.341,0.417,ITITFKITTKTAVIAVTGTIGNIHHKPGGGQVEVKSEHMELAGGVDLKIGDLNPELKVPGGGAAVTITINLNY
842,0.36,0.417,VTVIFKVTTTTVVVTATTNIGNIHHKPGGGQVEVKSETLALTVDVTLKIGDLAPTHTIPGGGANVTITIKFTL
843,0.37,0.388,LDITLKPEQNTTITATATTLGNIHHKPGGGQVEVKSEKAEYNETTVTKVGDLAPQMNLPGGGATQTVTPAMKV
844,0.324,0.475,TVVVFKPETKTEVKAKTGKIGNIHHKPGGGQVEVKSEKLEYTKDVTLKIGDLAPVLNVPGGGNEVKVELNFTV
845,0.303,0.417,IRFEFKIEKKEEVKNKTGTIGNIHHKPGGGQVEVKSEKFELEKEIEFKIGNEGPELKVPGGGNKIEEKIEFEV
846,0.324,0.461,VELKLKIENKNIVIGITGNIGNIHHKPGGGQVEVKSEKLEFNTTVTYKIGDLEPKHTVPGGGAEVKEIIEFTV
847,0.301,0.417,IKLEFKIENKNVVVAVTGQIGNIHHKPGGGQVEVKSEKMELTNNVTVKIGDLAPVHNVPGGGNTVNINIELKV
848,0.337,0.431,FKFEEKPEAKAEVKAETVNIGNIHHKPGGGQVEVKSEKLELKVTVTLKIGDQTPTHDIPGGGNELKITPTRTL
849,0.348,0.402,VKFELKLENATVVVAATGTIGNIHHKPGGGQVEVKSEKKELTVTVTEKIGDLAPNFNIPGGGATVTLNLTYTT
850,0.361,0.402,TTITMKVENKTNVTATTGQMGNIHHKPGGGQVEVKSEKMVLTTTVTLKVGEITPTHNAPGGGTNTTVTVAFTV
851,0.326,0.431,FTVNYKVETTTAVVAVTGTIGNIHHKPGGGQVEVKSEKATFTDKVTLKIGEQAPTHTVPGGGATVTVRVELRL
852,0.312,0.461,LKVEFKPELKANVTATFGTLGNIHHKPGGGQVEVKSEKAVYTNTVTAKVGDLAPRHEVPGGGNKLEIKLQFTL
853,0.352,0.388,FRVEFKIETETEVKAKVGKIGNIHHKPGGGQVEVKSEKATYTVVVNLKVGNLAPQVQIPGGGNAVKVEIEFKV
854,0.332,0.475,IEVHLKLVQDQRVEAKTGAIGNIHHKPGGGQVEVKSEKLELKDEVELKIGDQAPTLTVPGGGATVVQVLTLTI
855,0.34,0.461,LVFNFKLETKTEVKAETGTLGNIHHKPGGGQVEVKSEKLTLTNTVRLKIGALDPTHNIPGGGNKTVVDLQFTI
856,0.353,0.431,FKIEFKPEATAAVVAVTGTIGNIHHKPGGGQVEVKSEKKVYTVTVTEKVGELEPKLTIPGGGATLTVRPELTF
857,0.348,0.402,VEITVKVDTKTVVLNLTGKIGNIHHKPGGGQVEVKSEELKLTKKVTLKIGDQTPTLTIPGGGATVDTKVQVTV
858,0.363,0.431,VTFNYKPELKTVLVAVVGDVGNIHHKPGGGQVEVKSEKAELTTTVTFKVGDQAPAHTVPGGGGTLITTLQMTV
859,0.317,0.461,IILFQKTQNTNTVTATTGTIGNIHHKPGGGQVEVKSEKGEFTDKVTLKIGDLAPTHNVPGGGNTVTVTTNFNV
860,0.328,0.417,TKFEFKLEQVAVVLAVTGKIGNIHHKPGGGQVEVKSEKADYTVTVTLKLGDLAPTHAIPGGGATLKVELKLEF
861,0.325,0.446,ITFTFKPELKLVVVNVTGTIGNIHHKPGGGQVEVKSEKAELKETVTLKVGDLAPTLNVPGGGNVVVVTPTFTV
862,0.38,0.373,LVVEVKLEAQALILTLTGTMGNIHHKPGGGQVEVKSEKMNLTTGTTLKVGDLAPALTVPGGGATLQLTLQVTI
863,0.329,0.446,ITLTFKLENTNVVATATGQLGNIHHKPGGGQVEVKSEKATYKDDTQAKVGELAPTHNVPGGGATQKLELKLEV
864,0.361,0.417,LKVEVKVEVKVQTTAVIGKIGNIHHKPGGGQVEVKSEKFELQTTVTLKIGALEPKHTIPGGGATTTVTVKLEI
865,0.347,0.417,VVFTLKPKTETVVLGVTTTVGNIHHKPGGGQVEVKSEKKVYTDKVTEKIGDLAPTLALPGGGNTVEVKLETKV
866,0.331,0.446,VNIYLKVTTTTVVVGVTGQIGNIHHKPGGGQVEVKSEKMTLNTTVTLKIGDLTPVHNVPGGGATVTTTVTVTV
867,0.313,0.417,ITVKQKVENENVVLALTGQIGNIHHKPGGGQVEVKSEEAKFEKDVTTKIGDLTPTHNVPGGGNTVIVKVEQKQ
868,0.347,0.461,IQFTLKPTATAKIEAKVGKIGNIHHKPGGGQVEVKSETLTLTTTATLKIGDITPTHNIPGGGNKQTVTLNVTF
869,0.354,0.431,IKIQKKVQTATTVTATTGQIGNIHHKPGGGQVEVKSEKAEFTNNVKVKIGAQEPKLEIPGGGAVQTTTVTETY
870,0.344,0.49,TTVVFKVENENKVEAKTGQIGNIHHKPGGGQVEVKSEKLELKNNVNLKIGALDPAHNIPGGGAVQKVTVDTTT
871,0.35,0.388,FLLFLKPLQVTVTLAVTGQLGNIHHKPGGGQVEVKSEKMTLTVTTTMKIGAQEPNHAVPGGGATVTVALQLEL
872,0.353,0.388,VLYFLKVELKAVVAAATGQIGNIHHKPGGGQVEVKSEKATYNNTVTTKIGNQNPTHNVPGGGAALVVLVQVQL
873,0.333,0.417,ITFNLKVTTTTTNVAVVGTLGNIHHKPGGGQVEVKSEKAEYGTTVTNKIGDLAPTHTTPGGGNTTNTTVTVTL
874,0.349,0.431,ITINYKLQTTTVVVGVTGQIGNIHHKPGGGQVEVKSEKAEFTTTVTYKIGDLAPKVDVPGGGATVTVNLQKQI
875,0.316,0.461,TVFTFKPELTQTVTATVGTIGNIHHKPGGGQVEVKSEKAEFTKDVTLKIGDQAPTHTVPGGGATVVVTPQLTV
876,0.311,0.431,ITINFKIETKQVILALTGAIGNIHHKPGGGQVEVKSEKMEMKDNTVMKIGDLAPTHNVPGGGATVTQTINFTL
877,0.367,0.461,ININFKPEFTTVVVAVTGQIGNIHHKPGGGQVEVKSEKTTFTTTVTAKVGALEPIHKIPGGGGKVTLNLTLTV
878,0.338,0.475,FVLELKPETKTEVKAKTTALGNIHHKPGGGQVEVKSEKLELDRRVTLKIGTLEPTHDVPGGGNNVTIALELRV
879,0.336,0.475,ININIKPELELEVKAKTGNIGNIHHKPGGGQVEVKSEKLVFNNNVTLKIGDLTPQHTLPGGGATVILLLNNTN
880,0.358,0.446,LKIELKTEVEVDIKAKVGKIGNIHHKPGGGQVEVKSEKATFTTTVTMKIGDQAPTHKIPGGGNTLTTTTTLVF
881,0.346,0.417,KEVNLKVTLTANVTAITGTIGNIHHKPGGGQVEVKSEKLELTTTVTLKIGAQEPKHLIPGGGATLTVDVKLEV
882,0.349,0.388,TKFQVKLELTLTVNANTGTIGNIHHKPGGGQVEVKSEKAEFKTTVVVKVGDIAPKHDIPGGGATVTLELKQEQ
883,0.35,0.446,VELRFKPEATALVLAVTGQIGNIHHKPGGGQVEVKSEKAIFTNNVTLKIGDLNPTVNIPGGGAVTVVAPQLTV
884,0.327,0.461,IKFEFKVEEVAVVVGVTGKLGNIHHKPGGGQVEVKSEKAVFTNNVTTKIGDLAPNHTVPGGGATKTVTVKVEI
885,0.334,0.475,INIEFKPELKLVVTTATGAIGNIHHKPGGGQVEVKSEAAKYETTTTVKIGNLDPTHAVPGGGAKVEVTPKLEV
886,0.314,0.504,VKVEFKVENKNVVVNVTGKIGNIHHKPGGGQVEVKSEKLELKDKVELKIGDLAPQITVPGGGTKVDVTVKLEV
887,0.326,0.402,IKIEFKPEIKTTLVAVTGKIGNIHHKPGGGQVEVKSEELKLTVTVELKIGALEPEHKTPGGGGTQEIKLEMVF
888,0.363,0.446,FVLLFKVELKLTLLNLTGQIGNIHHKPGGGQVEVKSEKLELTDKVELKIGDLAPTLTIPGGGGTMTVTVKVTF
889,0.335,0.446,FKIEFKVTTKTTVLAATGTIGNIHHKPGGGQVEVKSEKLTFQTTVTLKIGDLTPTHNVPGGGVTVTVDVKVEI
890,0.334,0.373,TKTETKVEQKAAVTATTGTIGNIHHKPGGGQVEVKSEKAEYTTDTNLKIGEQTPTHTIPGGGATTTVPVTTTT
891,0.331,0.446,IEVNYKPEMTNVVLNVTGAIGNIHHKPGGGQVEVKSEKATYTVVAVNKVGDLTPTHNVPGGGNTVIVKLKLEV
892,0.326,0.417,IKIEFKVEITNTVTATTTTIGNIHHKPGGGQVEVKSEKAEYNDKVTQKVGDENPKHTVPGGGATVTVTVQKTV
893,0.298,0.431,LKVEIKPEVKQVVVAYTGAIGNIHHKPGGGQVEVKSEKMEFKEEVEMKIGDIAPEHKIPGGGTVVVLDLKLEI
894,0.352,0.402,TTITAKVETTTTVLAVTGQIGNIHHKPGGGQVEVKSEKATFTVTTTAKIGAIEPKLVIPGGGAQVTTTVTTTV
895,0.334,0.417,FKLELKIEQTAVVVNVTGNIGNIHHKPGGGQVEVKSEKAYYKDDVTTKVGDLTPKHDVPGGGAQTTIVIGLVL
896,0.318,0.402,LVLFMKIEQKTEVKNVTGKIGNIHHKPGGGQVEVKSEQMELTKDVTLKIGDLAPTHNVPGGGNEVKTLILATL
897,0.33,0.417,MEVKVKLETKTVTVAATGTLGNIHHKPGGGQVEVKSEKLELNNNVTFKIGDQNPEHKVPGGGNTTKVELKMEL
898,0.359,0.431,PVVTLKPVATAVVIAVVGTIGNIHHKPGGGQVEVKSEKLTLTTTVTFKIGDQATTHAIPGGGATVVATITATL
899,0.358,0.417,LTLNKKITDKTVILAVTGTVGNIHHKPGGGQVEVKSEKMNFNNTVTMKIGELAPKHTLPGGGNNYTKNIQTTV
900,0.333,0.446,VKFEFKPELTLPVVAATGKLGNIHHKPGGGQVEVKSEKTELTVVVTLKIGDLTPVHIVPGGGATVKIELKFEV
901,0.337,0.431,LEVHFKPELTLTVNANAGQIGNIHHKPGGGQVEVKSEKLELTTVVKLKIGDLAPTHTIPGGGATVTLTPQLKL
902,0.328,0.504,IQIQYKPTNTNVVVTVTGTIGNIHHKPGGGQVEVKSEKQDLTVTVTQKIGNLEPTHTVPGGGATVTITLQLTL
903,0.329,0.388,ITFNFKIEQKLLVLNITGKIGNIHHKPGGGQVEVKSEKEEYERNVEKKIGEIAPQHKVPGGGNDVKIQIEFKL
904,0.34,0.475,TTNNNKNENKNVVIAVAGTLGNIHHKPGGGQVEVKSEKLELKTTVTLKIGDLAPTHTTPGGGNTVIQVNTLTT
905,0.333,0.388,LVLELKVENLNVVVTVTGQIGNIHHKPGGGQVEVKSEEEKYTTNTNKKVGDLAPTVAVPGGGATVTVTVQKTL
906,0.31,0.417,TTFTLKPEAKAVVFAFTGQIGNIHHKPGGGQVEVKSEKAEYKVEVTAKIGDLAPEHKIPGGGATVTVDVTATV
907,0.353,0.461,VVNIQKNTQVQVVLAATGAIGNIHHKPGGGQVEVKSEKLTATVTVTLKIGALEPHHEVPGGGAKVVVTNTTTL
908,0.362,0.417,LVFTFKGELKTDVRATTGTIGNIHHKPGGGQVEVKSEKLTLTTTVTLKLGDLAYAHTVPGGGNTVVVVLTTTL
909,0.362,0.431,TTITLKVETKTVVLGYTGTIGNIHHKPGGGQVEVKSEKATFTTTTTYKIGDLEPTLNVPGGGATVTTTVTMTT
910,0.326,0.446,LNFNQKPETKTVVINITGKLGNIHHKPGGGQVEVKSEKLNLTVTVTLKVGDLTPTHNVPGGGAKVEVKLETTI
911,0.345,0.446,PVVTLKIETKTVVEAKTGALGNIHHKPGGGQVEVKSEKMTLTTKVTLKIGDQGPTLNVPGGGNTVTITIAFTL
912,0.351,0.388,TKVYFKVTTKTVTVNVTGGIGNIHHKPGGGQVEVKSEKAEYTTTTVTKIGALEPTHTIPGGGNTVITTVTFAL
913,0.365,0.431,TTTVNKPEATTVVTTKTTTIGNIHHKPGGGQVEVKSEKATYTKAVTTKVGALEPTHTVPGGGAIVVVVPTTTK
914,0.338,0.431,VVFTNKTELTTVVVNLTGKIGNIHHKPGGGQVEVKSEKLELTNNVTLKIGDLTPQHLIPGGGATLVVTTTTTV
915,0.322,0.388,VTYEKKVEQKQELKAETGKIGNIHHKPGGGQVEVKSEKQVTQNDNTQKIGDLAPEHKVPGGGANLTVNVQFTV
916,0.361,0.388,IEITLKVENVNNVTATTGTIGNIHHKPGGGQVEVKSEEAKYETTTTVKIGEQAPQLAIPGGGNDIKVEVELKI
917,0.335,0.475,VKIEFKPVALAVTLALVGKIGNIHHKPGGGQVEVKSEKAEFTVTVTTKIGALEPEHKVPGGGALVVVEIKKEV
918,0.345,0.417,VTNELKVETKTVVIAVTGAIGNIHHKPGGGQVEVKSEKKVFTKTVTAKVGDLAPKLTIPGGGNTVVVEVKKEV
919,0.335,0.446,IKINFKIELKLVVLTLTGTIGNIHHKPGGGQVEVKSEKTTYTNNVTTKIGDLAPKHEIPGGGVKVTINITLTF
920,0.356,0.446,TTVNQKVDVKTNVINILGTLGNIHHKPGGGQVEVKSEKIDLTVTTKTKIGDLAPDHNVPGGGATVTVTVKNTT
921,0.346,0.446,VVVIAKPELKEVVVTVTGKLGNIHHKPGGGQVEVKSEKMELTTTVTLKIGDLAPQLNVPGGGATTTVAPQATL
922,0.337,0.461,VKFEFKLTLKLTVTATVGTIGNIHHKPGGGQVEVKSEKADFTTTVTLKVGNLEPVHIVPGGGATVTLELKLEV
923,0.36,0.461,LTITFKPTQTQNIVAVTGTLGNIHHKPGGGQVEVKSEKVTFTVTITFKLGALEPHHNVPGGGNTQTITLKYTV
924,0.326,0.431,VKFEFKVETKTVVLNLTGTIGNIHHKPGGGQVEVKSEKAVFTNNVTLKIGDLAPQHNIPGGGADVKTTVKAET
925,0.323,0.446,TTYNFKPENKNVTIAITGKIGNIHHKPGGGQVEVKSEKITLTNNVELKIGAEEPTHTVPGGGNKVIVEVKKTV
926,0.356,0.388,VTFNFKVEVTTVTLGLTGAVGNIHHKPGGGQVEVKSEKMELNNNVTMKIGDINPIHNVPGGGATVKVEVTVKV
927,0.325,0.402,LKVELKLELTLKVEAKTGNIGNIHHKPGGGQVEVKSETMKLTVNVEMKIGALEPKHDIPGGGAKVEVKLEYKL
928,0.359,0.431,VNFNFKPEQVQLVLALVGQIGNIHHKPGGGQVEVKSEKTVLTTTVTLKIGNLGPTHNIPGGGATVKVDFKMTL
929,0.322,0.417,LVVILKPVATTTVVNVNGAIGNIHHKPGGGQVEVKSEKLILTKDVTLKIGDQTPQHNIPGGGGTVVQELRLEL
930,0.344,0.446,LTNVQKLTTTTTVTAVTGQLGNIHHKPGGGQVEVKSEKLTVTNGVTLKIGEEEPEHKVPGGGATTTTTLNQNI
931,0.353,0.431,ITFQTKVTQDQKVEAKTGKIGNIHHKPGGGQVEVKSEKVVYTTTVTAKIGDLNPVLAIPGGGATVTQTVTQTV
932,0.361,0.446,FEFQFKVELELKVVNTTGQIGNIHHKPGGGQVEVKSEKADYTVTVENKVGDLAPTLTVPGGGNTVVVLVQLTV
933,0.34,0.431,ITFTFKVELTLKIENKTGTIGNIHHKPGGGQVEVKSEKQDLTTTVTLKIGELAPQHNIPGGGAKVTVKVEMKF
934,0.332,0.417,LKVEFKLEQKNTVTTVTGTIGNIHHKPGGGQVEVKSEKATLTTTVTLKVGDLAPQLTVPGGGATVKLELKLEL
935,0.346,0.446,VKIEEKPETTTEVKATTGTIGNIHHKPGGGQVEVKSEKFEAKVNVTFKLGELAPKFEIPGGGAEVKTEPKRTV
936,0.322,0.446,TKIEFKPEAKAVTVAVTGALGNIHHKPGGGQVEVKSEKLTLTNNVTLKIGDQAPQLNLPGGGATVVIELKLTV
937,0.352,0.49,VTITLKVKTKTKVEAKIGKIGNIHHKPGGGQVEVKSEKAKYEKTVTTKIGALEPELKIPGGGAKVEVTVKLKV
938,0.337,0.402,VVLNQKVETETAVLALTGKIGNIHHKPGGGQVEVKSEKFEFNNNVTLKIGDDTPTHNIPGGGATVKVEVKTET
939,0.369,0.417,IEFKFKVETETRVEAKVGQIGNIHHKPGGGQVEVKSEKLTLLVTANLKIGDLNPTLTIPGGGNVVLTPVTLQI
940,0.363,0.461,IVLIQKVETKTDVTAKVGKIGNIHHKPGGGQVEVKSEKQEMKTTVTQKIGAIDPTLDVPGGGNTVTINVTTTV
941,0.33,0.431,VTVTLKVEKKDLVVAVAGTIGNIHHKPGGGQVEVKSEKLTYEKTVTLKIGDQAPTLNVPGGGATVTDKVTLTV
942,0.324,0.446,VTLTQKPEAKATVVAVTGTIGNIHHKPGGGQVEVKSEKAEYEKDVKLKIGALDPQHNIPGGGAKVEVKPEVTV
943,0.356,0.402,FKIEQKVEQKTILVAVVGTLGNIHHKPGGGQVEVKSEKAELDVVTTLKIGDLAPTHTLPGGGGTLTVTVATQF
944,0.34,0.431,FTVTFKPETKTGVVAVVGQIGNIHHKPGGGQVEVKSEKVELEKDVALKIGDLATTHNIPGGGATVVVTPQLTI
945,0.339,0.446,VEVQQKPEQKTVVAAATGALGNIHHKPGGGQVEVKSEKIEVFVDVTLKIGNQEPQHKIPGGGNTVTVEPKLEI
946,0.341,0.417,VTFNLKVEQKQTVLNTTTNIGNIHHKPGGGQVEVKSEKTNFTTTVTTKIGNLAPTHNIPGGGATVTLTVTQTV
947,0.355,0.373,FNLNLKLVTTTVVVAVVGDIGNIHHKPGGGQVEVKSEEVKMEKDVKAKVGNVAPTHQIPGGGAKVTVALQNTV
948,0.355,0.446,FTLTLKIENTNVVVAVVGGIGNIHHKPGGGQVEVKSEKAQFTDKVTFKIGDQRPTLDVPGGGAKVEIKIVLTV
949,0.333,0.446,VTITYKPEQKLLVLAVAGTIGNIHHKPGGGQVEVKSEKLVLTNNVTLKIGDVAPQHNIPGGGATVTVKVEVTV
950,0.352,0.431,FELKLKPEDRTTVVAVTGTIGNIHHKPGGGQVEVKSETLVLTTTVTLKIGELAPTLTVPGGGAKTVKQLQFEV
951,0.342,0.446,YTITFKIENKNEVKAEVGNIGNIHHKPGGGQVEVKSEKLELTVTVTLKIGDQAPTLTVPGGGANVKIEIKLTV
952,0.351,0.417,VIFYFKIETKTVVVAFVGKMGNIHHKPGGGQVEVKSEKQEVTTTATLKIGDLTPQHKVPGGGATVKIEIKLEV
953,0.327,0.461,VVFVLKLENKNEVKAKTGKLGNIHHKPGGGQVEVKSEKAEYTNNVKAKVGNLAPTHDVPGGGNAVIILLEGRV
954,0.322,0.461,TVLFYKPETTTVVLAVTGAIGNIHHKPGGGQVEVKSEKMELKEKVELKIGDLAPKLTIPGGGATVTTTLNLTV
955,0.287,0.475,LTITFKPELKLEVKAETGKIGNIHHKPGGGQVEVKSEKEEYKTTVQKKIGDLAPAHIVPGGGATVKIDLELKF
956,0.351,0.446,VNFTLKVTLKAVVLGLTGQMGNIHHKPGGGQVEVKSEKKVYTVTVTEKIGDLAPTHAAPGGGAKVEVTVKQTV
957,0.341,0.446,LVILKKEELKLEVKAKVGTIGNIHHKPGGGQVEVKSEKAEFTVGVTAKIGDQTPTHAVPGGGAKVVVTENMNV
958,0.302,0.519,IKIELKPEQKQEVVAKTGTLGNIHHKPGGGQVEVKSEKLELKETVELKIGDQAPNHLVPGGGNTVTQTLTLTV
959,0.334,0.446,VTFNFKPENKNVVVAVGGQGGNIHHKPGGGQVEVKSEKLTMTTTVTLKIGAEDPVHTTPGGGATLVIDLKMTI
960,0.338,0.417,ITITFKLEEKKVVVNVVGTLGNIHHKPGGGQVEVKSEKYELNNNVTLKVGNEAPVHDVPGGGAKVEKELKFEV
961,0.348,0.431,ITITLKLKVENYVEAKTGKIGNIHHKPGGGQVEVKSEKLVLTTTVTLKIGEEAPKHTIPGGGNEIKLDLQTTV
962,0.329,0.402,LELKYKVEAQATVVAVTGNIGNIHHKPGGGQVEVKSEKATLTNTVVLKVGDLAPTHTIPGGGATLTIAVKLEI
963,0.331,0.388,VVTIFKVTATAQVTATTGTIGNIHHKPGGGQVEVKSEEAKLEKEDVLKVGDLTPQHNVPGGGATVTVDVKTEL
964,0.364,0.373,LTVTIKLEVKTTVNANVGTIGNIHHKPGGGQVEVKSEKAEKTNGVEEKVGDLAPELKLPGGGADIKLYLQFTL
965,0.357,0.446,VTVTTKVEQKQVVVGVTGALGNIHHKPGGGQVEVKSEKATQNTTVTNKTGALEPNLTVPGGGNTVTVTVTQTV
966,0.357,0.446,VKVEFKVENKNEIKGTTGQIGNIHHKPGGGQVEVKSEELKLDTTVTLKIGDLAPQLTVPGGGNVQIVDVKVTL
967,0.361,0.475,VLLLFKPVMTVVVVAVTGQLGNIHHKPGGGQVEVKSEKMNVNVNVTLKIGALEPEHKIPGGGATVVVTVDLTT
968,0.31,0.475,TTITKKTTTTTVVVNVTGKIGNIHHKPGGGQVEVKSEKAEFKDDVTLKIGELAPTHKIPGGGNVVVTTTKENN
969,0.341,0.446,EVIVRKVELTLVVAAATGTIGNIHHKPGGGQVEVKSEKLTLTNNVTLKIGEEAPEHKIPGGGNTVTLTVKEEK
970,0.348,0.431,TTINFKVTTTTKVEAKVGTIGNIHHKPGGGQVEVKSEELRIDVTATLKIGALEPTHQIPGGGATVTYDVKQTT
971,0.316,0.461,LKIEKKPETKNVVLAVTGQIGNIHHKPGGGQVEVKSEKLELTVTVTLKIGALEPTHKIPGGGNTVNITLNETI
972,0.32,0.446,TTFNLKVQTTTTTTATTGKLGNIHHKPGGGQVEVKSEKLELEVKVELKIGDLAPVHLIPGGGNTTTVTVTFTV
973,0.347,0.431,IKIEYKPELKLAVLAVVGQIGNIHHKPGGGQVEVKSEKAEYTTDATLKIGDLAPTLEIPGGGAKVEVTPQINI
974,0.365,0.446,TNYTFKPELVLVVLGVTGTLGNIHHKPGGGQVEVKSEKTEYTTTVTAKIGEIAPALAIPGGGNTVTVTITLTV
975,0.364,0.431,VTITFKVETTTTITATTGNIGNIHHKPGGGQVEVKSEKQTLTTAVTMKIGDLTPQLNIPGGGATLTVTVQLNI
976,0.344,0.475,VTLTFKPETTTAVVNVTGNLGNIHHKPGGGQVEVKSEKLEATVAVTLKIGNLEPTHTIPGGGATVTVTVRLTV
977,0.34,0.402,TTTNQKPTQTTTVTKTTTQIGNIHHKPGGGQVEVKSEKLELNVNVELKIGKLEPTHTIPGGGATVTVAETTVT
978,0.34,0.402,FVVVAKVETVTVAVAVTGAIGNIHHKPGGGQVEVKSETATFTTTVTAKVGALEPEHKIPGGGVTVTITVTLTL
979,0.346,0.402,VTLTKKPENKNVVLAITGTIGNIHHKPGGGQVEVKSEKLNITTTAKLKIGDQNPNHTIPGGGATVNIQETETV
980,0.336,0.431,TTVNFKVEAKATVVAITGQLGNIHHKPGGGQVEVKSEKLTLTTTVTLKIGDLAPTHAIPGGGAANTVTINTTI
981,0.35,0.461,VTNQNKLVQTQAVVAVTGQIGNIHHKPGGGQVEVKSEKAEFKVNVTAKVGDQTPTLNVPGGGNTVTLTLTQTN
982,0.322,0.417,IVFQFKPERKEVVVAVAGKIGNIHHKPGGGQVEVKSEKATYQTTATLKIGDLAPNHTVPGGGAKVNVELKFEV
983,0.328,0.446,ITLTAKNTNQNTVTAATGALGNIHHKPGGGQVEVKSEKAIFNTTVTLKVGALEPEHKVPGGGATVTQTVQQTV
984,0.376,0.431,VVVNLKLEVTLVLVAVVGTLGNIHHKPGGGQVEVKSEKLEVTTTTQLKIGDQTPQVNVPGGGGTVVLVLTLTI
985,0.335,0.417,IKTETKNKTKTEIKAKVGKLGNIHHKPGGGQVEVKSEKLELTKDTNLKIGDLAPTLNIPGGGATLTQTNTTTL
986,0.368,0.431,VVFTFKVETNTNVNNNTGTIGNIHHKPGGGQVEVKSEKVNINTTVYAKIGNEAPAHNIPGGGAKVVVTVTFTF
987,0.372,0.417,TVILLKIETETLILNLVGTLGNIHHKPGGGQVEVKSEKLELTVTVVLKIGDLAPEHKIPGGGAVQLQLIVVTV
988,0.346,0.402,LEIELKVKLELAVLAVTGTIGNIHHKPGGGQVEVKSEKTTLTTLVTLKVGALEPVHTTPGGGNEVRIEVELRV
989,0.347,0.475,TTIVFKPTQAQVVLGFTGKIGNIHHKPGGGQVEVKSEKATFNTTVNLKIGALEPTLNVPGGGATVTVTPQFTV
990,0.38,0.388,FTLNNKLEVETRVLAFVGQIGNIHHKPGGGQVEVKSEALKLTTDVTLKVGDLTPDHNVPGGGAVVRLVLTTTV
991,0.334,0.431,LTVELKPELELEVKADVGALGNIHHKPGGGQVEVKSEKLVLTTNVTLKIGDLEPKLDIPGGGATVKLELKVVL
992,0.329,0.417,TKYEFKPETKTLVINVTGTLGNIHHKPGGGQVEVKSEKLEVDKTTTLKLGAEEPTHNVPGGGNTVTVTLQTQV
993,0.328,0.402,FKVNFKIEVKAVVKADVGQIGNIHHKPGGGQVEVKSEKMELKDNTELKIGDLAPVHNIPGGGATLTLNIQTTL
994,0.303,0.431,FTLKLKIEQKQEVKAEVGALGNIHHKPGGGQVEVKSEKLTLTTTVTLKIGDLTPTHNTPGGGNTVEIKIELKV
995,0.337,0.402,ITITTKVETETEVKAKVTKIGNIHHKPGGGQVEVKSEKLELGVVTTLKIGDLAPTHTVPGGGAEVKVDVQQQV
996,0.336,0.402,VKYELKIETKTLVLTLVGKIGNIHHKPGGGQVEVKSEKLTMTNNVTLKIGDIAPKHLIPGGGAKVEIKIEFNV
997,0.33,0.461,VTLTFKPKLTLTVTAAVGAIGNIHHKPGGGQVEVKSEKLKLTNNVELKIGDQAPNHNIPGGGANVTITLQLTV
998,0.339,0.461,FTFEFKVETKTAVLAVTGALGNIHHKPGGGQVEVKSEKLELKTTVTLKIGNLAPQHLLPGGGATVTVDVKLTV
999,0.34,0.461,VTFTFKPEQKADVKAKLGTLGNIHHKPGGGQVEVKSEKQQFTTTTNLKVGDLNPTHNVPGGGATLVLTLTQTT
1000,0.342,0.417,FRVEFKIELKQDVAAATGALGNIHHKPGGGQVEVKSEKLELTNNTNLKIGAQEPVHRVPGGGATTIVVIGFTI
1001,0.329,0.431,ITFNKKDELKADVKAVVGTIGNIHHKPGGGQVEVKSEKLVLTTDVTLKIGDLNPVHKIPGGGAKLEVKDTETF
1002,0.338,0.417,VTVTVKIEREEAVAAATGTIGNIHHKPGGGQVEVKSEKLTLTTTVTLKIGDLAPTHNIPGGGAAVVLLIQTTL
1003,0.352,0.431,TTVTLKPELVAVVLNLLGKIGNIHHKPGGGQVEVKSEKMVFTTTVEMKIGELAPTHTVPGGGAILVLVLTTTL
1004,0.32,0.402,TKIEQKNTNTNAVTATTGAIGNIHHKPGGGQVEVKSEKIELEKTVTLKIGEQAPQHNIPGGGATVTTNNTTTV
1005,0.327,0.461,VTFTFKPEIKVEVKAKTGTIGNIHHKPGGGQVEVKSEKATFTVVTTAKIGDLAPTLNVPGGGAKVELEVKVEV
1006,0.328,0.461,VKLEFKPENKNVVLTIFGKIGNIHHKPGGGQVEVKSEKLEVTVNVTLKIGELEPKHTVPGGGAEVKLELKVTV
1007,0.352,0.417,IKVEIKPTNVNLVLAATGQIGNIHHKPGGGQVEVKSERAEYTTTVTAKVGALEPEHKVPGGGNTVTVTPTFTV
1008,0.326,0.431,ITITLKVEAKAVVLAATGTLGNIHHKPGGGQVEVKSEKQNITNNTTLKIGDLAPTHAVPGGGATVTTTVTFTV
1009,0.355,0.417,VKFEQKNVNTNVNVAVTGQLGNIHHKPGGGQVEVKSEKATYNTVTTTKVGAEEPKHTVPGGGATQVLTNKFTI
1010,0.36,0.431,LVLIYKNELKAEIKAKIGKIGNIHHKPGGGQVEVKSEKMVLTDTVTMKIGDQAPEHKVPGGGHTLVVTNTVTV
1011,0.309,0.49,TTFTYKPEQKQDVQAKTGNIGNIHHKPGGGQVEVKSEKLELKDEVKLKIGGQDPVHTIPGGGATVVQTLTFTV
1012,0.349,0.446,LVIVFKPEAKAAVVAVTGKIGNIHHKPGGGQVEVKSEKAEFTTTVTTKIGDQAPTHTVPGGGAVLLTLPVMVF
1013,0.344,0.461,VKLEFKPELKLNVTAVNGKIGNIHHKPGGGQVEVKSEKLELKVTVTLKIGDQAPNINIPGGGATVKVEPKLEV
1014,0.321,0.446,VEIYLKVEQKQLQVAVTGAIGNIHHKPGGGQVEVKSEKLNLNNNVTLKIGDIAPKLEVPGGGGEVKQEVKLTV
1015,0.379,0.431,LTINLKLTLTAVVIGLTGQIGNIHHKPGGGQVEVKSETLVPTVTVTLKIGAQEPHLEVPGGGATLTITLQLTV
1016,0.349,0.388,FKVEKKVETKTVLLAVVGEIGNIHHKPGGGQVEVKSEKMEFTTTVTLKIGELAPQHNVPGGGANLKVEVEEKL
1017,0.349,0.417,NNNNFKINEVTVVLAITGAIGNIHHKPGGGQVEVKSEKAEFQVTVTFKIGDEAPTLNIPGGGNNVTKTITNTN
1018,0.344,0.461,TVLVQKPEQKTVVLGVTGQLGNIHHKPGGGQVEVKSEKLEITVTVTLKIGAQEPVHNTPGGGATVTVTLKQTV
1019,0.36,0.431,VVLYQKVENKAVVVAVTGTIGNIHHKPGGGQVEVKSEKYELKTTVRFKIGDQNPTLNIPGGGATATVTVTTTF
1020,0.353,0.388,LELTLKVETKTLVLAVTGTLGNIHHKPGGGQVEVKSEKAVYTVTVTAKVGDLGPNLAIPGGGANVTTNVQFTV
1021,0.315,0.446,VKVEFKVEAKALVLAVTGQIGNIHHKPGGGQVEVKSEKMDINNNVTLKIGDLTPTHNVPGGGAKVEVVVKFEV
1022,0.324,0.461,TTVVEKPTNTAVVKADVGKIGNIHHKPGGGQVEVKSEKLELNNNVTLKIGDLAPQHLVPGGGAVLTLTVTRTT
1023,0.325,0.446,LELKYKPEQKQVVAAAAGALGNIHHKPGGGQVEVKSEELKLTTTVTLKIGDLNPTLNVPGGGATVVVTPNFNV
